Overlay,HeritagePlace,PaintControls,InternalControls,TreeControls,FenceControls,IncludedInVHR,Included,VHR,Prohibited,AboriginalHeritagePlace,Status,Expiry
HO1,"40 ABBOTSFORD STREET ABBOTSFORD Timber Cottage Incorporated plan: Incorporated Plan under the provisions of clause 43.01 Heritage Overlay, Planning permit exemptions, July 2014",Yes,No,No,No,No,No,,No,No,HO1,HO1
HO2,"42 ABBOTSFORD STREET ABBOTSFORD Gothick House Incorporated plan: Incorporated Plan under the provisions of clause 43.01 Heritage Overlay, Planning permit exemptions, July 2014",Yes,No,No,No,No,No,,No,No,HO2,HO2
HO3,2-4 BOND STREET ABBOTSFORD Former Grosvenor Common School,-,-,-,-,Yes Ref No H654,Yes,H654,No,No,HO3,HO3
HO4,"31-35 CHURCH STREET ABBOTSFORD Terrace Incorporated plan: Incorporated Plan under the provisions of clause 43.01 Heritage Overlay, Planning permit exemptions, July 2014",Yes,No,No,No,No,No,,No,No,HO4,HO4
HO5,"67 CHURCH STREET ABBOTSFORD River House Incorporated plan: Incorporated Plan under the provisions of clause 43.01 Heritage Overlay, Planning permit exemptions, July 2014",Yes,No,No,No,No,No,,No,No,HO5,HO5
HO6,"13 CLARKE STREET ABBOTSFORD House Incorporated plan: Incorporated Plan under the provisions of clause 43.01 Heritage Overlay, Planning permit exemptions, July 2014",Yes,No,No,No,No,No,,No,No,HO6,HO6
HO7,"29 CLARKE STREET ABBOTSFORD Yarradale Flats Incorporated plan: Incorporated Plan under the provisions of clause 43.01 Heritage Overlay, Planning permit exemptions, July 2014",Yes,No,No,Yes,No,No,,No,No,HO7,HO7
HO8,"31-37 CLARKE STREET ABBOTSFORD Terrace Incorporated plan: Incorporated Plan under the provisions of clause 43.01 Heritage Overlay, Planning permit exemptions, July 2014",Yes,No,No,Yes,No,No,,No,No,HO8,HO8
HO9,CLARKE STREET / ST HELIERS STREET ABBOTSFORD Former Convent of the Good Shepherd,-,-,-,-,Yes Ref No H951,Yes,H951,No,No,HO9,HO9
HO9,"CLARKE STREET / ST HELIERS STREET ABBOTSFORD Former Convent of the Good Shepherd complex, including surrounding land uses and associated trees Incorporated plan: Incorporated Plan under the provisions of clause 43.01 Heritage Overlay, Planning permit exemptions, July 2014",Yes,No,Yes,No,No,No,,No,No,HO9,HO9
HO10,"CNR HENRY GIPPS STREET ABBOTSFORD Collingwood United Masonic Temple Incorporated plan: Incorporated Plan under the provisions of clause 43.01 Heritage Overlay, Planning permit exemptions, July 2014",Yes,No,No,No,No,No,,No,No,HO10,HO10
HO11,"2 GREENWOOD STREET ABBOTSFORD Former Stables Incorporated plan: Incorporated Plan under the provisions of clause 43.01 Heritage Overlay, Planning permit exemptions, July 2014",Yes,No,No,Yes,No,No,,No,No,HO11,HO11
HO12,"GROSVENOR STREET ABBOTSFORD Former Phoenix Biscuit Co. complex Incorporated plan: Incorporated Plan under the provisions of clause 43.01 Heritage Overlay, Planning permit exemptions, July 2014",Yes,No,No,No,No,No,,No,No,HO12,HO12
HO13,"13 GROSVENOR STREET ABBOTSFORD House Incorporated plan: Incorporated Plan under the provisions of clause 43.01 Heritage Overlay, Planning permit exemptions, July 2014",Yes,No,No,No,No,No,,No,No,HO13,HO13
HO14,"19 GROSVENOR STREET ABBOTSFORD House Incorporated plan: Incorporated Plan under the provisions of clause 43.01 Heritage Overlay, Planning permit exemptions, July 2014",Yes,No,No,No,No,No,,No,No,HO14,HO14
HO15,"2 HODDLE STREET ABBOTSFORD Former Robert Reid Clothing Factory Incorporated plan: Incorporated Plan under the provisions of clause 43.01 Heritage Overlay, Planning permit exemptions, July 2014",Yes,No,No,No,No,No,,No,No,HO15,HO15
HO16,"48 HODDLE STREET ABBOTSFORD Yorkshire Stingo Hotel Incorporated plan: Incorporated Plan under the provisions of clause 43.01 Heritage Overlay, Planning permit exemptions, July 2014",Yes,No,No,No,No,No,,No,No,HO16,HO16
HO17,140 HODDLE STREET ABBOTSFORD Collingwood Town Hall,-,-,-,-,Yes Ref No H140,Yes,H140,Yes,No,HO17,HO17
HO18,"198-210 HODDLE STREET ABBOTSFORD Former Whybrow’s Shoe Factory Incorporated plan: Incorporated Plan under the provisions of clause 43.01 Heritage Overlay, Planning permit exemptions, July 2014",Yes,No,No,No,No,No,,No,No,HO18,HO18
HO19,"324-326 HODDLE STREET ABBOTSFORD Former Trescowthick’s Boot Factory Incorporated plan: Incorporated Plan under the provisions of clause 43.01 Heritage Overlay, Planning permit exemptions, July 2014",Yes,No,No,No,No,No,,No,No,HO19,HO19
HO20,"265 JOHNSTON STREET House Incorporated plan: Incorporated Plan under the provisions of clause 43.01 Heritage Overlay, Planning permit exemptions, July 2014",Yes,No,No,No,No,No,,No,No,HO20,HO20
HO21,"295 JOHNSTON STREET ABBOTSFORD Yarra Hotel Incorporated plan: Incorporated Plan under the provisions of clause 43.01 Heritage Overlay, Planning permit exemptions, July 2014",Yes,No,No,No,No,No,,No,No,HO21,HO21
HO22,"395 JOHNSTON STREET ABBOTSFORD House Incorporated plan: Incorporated Plan under the provisions of clause 43.01 Heritage Overlay, Planning permit exemptions, July 2014",Yes,No,No,Yes,No,No,,No,No,HO22,HO22
HO23,"397 JOHNSTON STREET ABBOTSFORD House Incorporated plan: Incorporated Plan under the provisions of clause 43.01 Heritage Overlay, Planning permit exemptions, July 2014",Yes,No,No,Yes,No,No,,No,No,HO23,HO23
HO24,"202 LANGRIDGE STREET ABBOTSFORD Former William Shoe Factory Incorporated plan: Incorporated Plan under the provisions of clause 43.01 Heritage Overlay, Planning permit exemptions, July 2014",Yes,No,No,No,No,No,,No,No,HO24,HO24
HO25,"211 LANGRIDGE STREET ABBOTSFORD Former Shop Incorporated plan: Incorporated Plan under the provisions of clause 43.01 Heritage Overlay, Planning permit exemptions, July 2014",Yes,No,No,No,No,No,,No,No,HO25,HO25
HO26,"213 LANGRIDGE STREET ABBOTSFORD Former Shop Incorporated plan: Incorporated Plan under the provisions of clause 43.01 Heritage Overlay, Planning permit exemptions, July 2014",Yes,No,No,Yes,No,No,,No,No,HO26,HO26
HO27,"233 LANGRIDGE STREET ABBOTSFORD House Incorporated plan: Incorporated Plan under the provisions of clause 43.01 Heritage Overlay, Planning permit exemptions, July 2014",Yes,No,No,No,No,No,,No,No,HO27,HO27
HO28,"LITHGOW STREET ABBOTSFORD Abbotsford Primary School   Incorporated plan: Incorporated Plan under the provisions of clause 43.01 Heritage Overlay, Planning permit exemptions, July 2014",Yes,No,No,No,No,No,,No,No,HO28,HO28
HO29,34 LULIE STREET ABBOTSFORD Dorothy Terrace,-,-,-,-,Yes Ref No H1034,Yes,H1034,No,No,HO29,HO29
HO30,36 LULIE STREET ABBOTSFORD Dorothy Terrace,-,-,-,--,Yes Ref No H1035,Yes,H1035,No,No,HO30,HO30
HO31,38 LULIE STREET ABBOTSFORD Dorothy Terrace,-,-,-,-,Yes Ref No H1036,Yes,H1036,No,No,HO31,HO31
HO32,40 LULIE STREET ABBOTSFORD Dorothy Terrace,-,-,-,-,Yes Ref No H1037,Yes,H1037,No,No,HO32,HO32
HO33,42 LULIE STREET ABBOTSFORD Dorothy Terrace,-,-,-,-,Yes Ref No H1038,Yes,H1038,No,No,HO33,HO33
HO34,44 LULIE STREET ABBOTSFORD Dorothy Terrace,-,-,-,-,Yes Ref No H1039,Yes,H1039,No,No,HO34,HO34
HO35,46 LULIE STREET ABBOTSFORD Dorothy Terrace,-,-,-,-,Yes Ref No H1040,Yes,H1040,No,No,HO35,HO35
HO36,48 LULIE STREET ABBOTSFORD Dorothy Terrace,-,-,-,-,Yes Ref No H1041,Yes,H1041,No,No,HO36,HO36
HO37,"24 MAYFIELD STREET ABBOTSFORD House Incorporated plan:   Incorporated Plan under the provisions of clause 43.01 Heritage Overlay, Planning permit exemptions, July 2014",No,No,No,Yes,No,No,,No,No,HO37,HO37
HO38,39 NICHOLSON STREET ABBOTSFORD Residence,-,-,-,-,Yes Ref No H142,Yes,H142,No,No,HO38,HO38
HO39,41 NICHOLSON STREET ABBOTSFORD Residence,-,-,-,-,Yes Ref No H143,Yes,H143,No,No,HO39,HO39
HO40,48 -60 NICHOLSON STREET ABBOTSFORD Former Denton Hat Mills,-,-,-,-,Yes Ref No H815,Yes,H815,Yes,No,HO40,HO40
HO41,"1 PARK STREET ABBOTSFORD House Incorporated plan: Incorporated Plan under the provisions of clause 43.01 Heritage Overlay, Planning permit exemptions, July 2014",Yes,No,No,No,No,No,,No,No,HO41,HO41
HO42,"11 PARK STREET ABBOTSFORD Glandmire House Incorporated plan: Incorporated Plan under the provisions of clause 43.01 Heritage Overlay, Planning permit exemptions, July 2014",Yes,No,No,No,No,No,,No,No,HO42,HO42
HO43,"22 PARK STREET ABBOTSFORD House Incorporated plan: Incorporated Plan under the provisions of clause 43.01 Heritage Overlay, Planning permit exemptions, July 2014",Yes,No,No,No,No,No,,No,No,HO43,HO43
HO44,"23 PATERSON STREET ABBOTSFORD House Incorporated plan: Incorporated Plan under the provisions of clause 43.01 Heritage Overlay, Planning permit exemptions, July 2014",Yes,No,No,Yes,No,No,,No,No,HO44,HO44
HO45,"1 RAPHAEL STREET ABBOTSFORD House Incorporated plan: Incorporated Plan under the provisions of clause 43.01 Heritage Overlay, Planning permit exemptions, July 2014",Yes,No,No,No,No,No,,No,No,HO45,HO45
HO46,"4 SOUTHAMPTON CRESCENT ABBOTSFORD Former Kodak Factory Incorporated plan:   Incorporated Plan under the provisions of clause 43.01 Heritage Overlay, Planning permit exemptions, July 2014",Yes,No,No,No,No,No,,No,No,HO46,HO46
HO47,11 STANTON STREET ABBOTSFORD Former Church of Christ,-,-,-,-,Yes Ref No H141,Yes,H141,Yes,No,HO47,HO47
HO48,Yarra River OFF TRENERRY CRESCENT ABBOTSFORD Dights Mill Site,-,-,-,-,Yes Ref No H1522,Yes,H1522,No,No,HO48,HO48
HO49,"29 VALIANT STREET ABBOTSFORD House Incorporated plan: Incorporated Plan under the provisions of clause 43.01 Heritage Overlay, Planning permit exemptions, July 2014",Yes,No,No,No,No,No,,No,No,HO49,HO49
HO50,"6 VICTORIA CRESCENT ABBOTSFORD House Incorporated plan: Incorporated Plan under the provisions of clause 43.01 Heritage Overlay, Planning permit exemptions, July 2014",Yes,No,No,Yes,No,No,,No,No,HO50,HO50
HO51,"18 VICTORIA CRESCENT ABBOTSFORD Former Hatchers Laundry Incorporated plan: Incorporated Plan under the provisions of clause 43.01 Heritage Overlay, Planning permit exemptions, July 2014",Yes,No,No,No,No,No,,No,No,HO51,HO51
HO52,"57-63 VICTORIA CRESCENT ABBOTSFORD Former Tweedside Mills Incorporated plan: Incorporated Plan under the provisions of clause 43.01 Heritage Overlay, Planning permit exemptions, July 2014",Yes,No,No,No,No,No,,No,No,HO52,HO52
HO53,"231 VICTORIA STREET ABBOTSFORD Former State Savings Bank Incorporated plan: Incorporated Plan under the provisions of clause 43.01 Heritage Overlay, Planning permit exemptions, July 2014",Yes,No,No,No,No,No,,No,No,HO53,HO53
HO54,"261 VICTORIA STREET ABBOTSFORD Former National Bank Incorporated plan: Incorporated Plan under the provisions of clause 43.01 Heritage Overlay, Planning permit exemptions, July 2014",Yes,No,No,No,No,No,,No,No,HO54,HO54
HO55,"275-277 VICTORIA STREET ABBOTSFORD Shops Incorporated plan: Incorporated Plan under the provisions of clause 43.01 Heritage Overlay, Planning permit exemptions, July 2014",Yes,No,No,No,No,No,,No,No,HO55,HO55
HO56,"295 VICTORIA STREET ABBOTSFORD Shop Incorporated plan: Incorporated Plan under the provisions of clause 43.01 Heritage Overlay, Planning permit exemptions, July 2014",Yes,No,No,No,No,No,,No,No,HO56,HO56
HO57,"297-301 VICTORIA STREET ABBOTSFORD Shops Incorporated plan: Incorporated Plan under the provisions of clause 43.01 Heritage Overlay, Planning permit exemptions, July 2014",Yes,No,No,No,No,No,,No,No,HO57,HO57
HO58,"371-377 VICTORIA STREET ABBOTSFORD Shops Incorporated plan: Incorporated Plan under the provisions of clause 43.01 Heritage Overlay, Planning permit exemptions, July 2014",Yes,No,No,No,No,No,,No,No,HO58,HO58
HO59,"385 VICTORIA STREET ABBOTSFORD Former East Collingwood Hotel Incorporated plan: Incorporated Plan under the provisions of clause 43.01 Heritage Overlay, Planning permit exemptions, July 2014",Yes,No,No,No,No,No,,No,No,HO59,HO59
HO60,"459-465 VICTORIA STREET ABBOTSFORD Shops Incorporated plan: Incorporated Plan under the provisions of clause 43.01 Heritage Overlay, Planning permit exemptions, July 2014",Yes,No,No,No,No,No,,No,No,HO60,HO60
HO61,"511 VICTORIA STREET ABBOTSFORD Shop Incorporated plan: Incorporated Plan under the provisions of clause 43.01 Heritage Overlay, Planning permit exemptions, July 2014",Yes,No,No,No,No,No,,No,No,HO61,HO61
HO62,"605 VICTORIA STREET ABBOTSFORD Former Brickmakers Arms Hotel (Terminus Hotel) Incorporated plan: Incorporated Plan under the provisions of clause 43.01 Heritage Overlay, Planning permit exemptions, July 2014",Yes,No,No,No,No,No,,No,No,HO62,HO62
HO63,"651-653 VICTORIA STREET ABBOTSFORD Former Crusader Plate Building Incorporated plan: Incorporated Plan under the provisions of clause 43.01 Heritage Overlay, Planning permit exemptions, July 2014",Yes,No,No,No,No,No,,No,No,HO63,HO63
HO64,"655 VICTORIA STREET ABBOTSFORD Former Handley & Tilley Building Incorporated plan: Incorporated Plan under the provisions of clause 43.01 Heritage Overlay, Planning permit exemptions, July 2014",Yes,No,No,No,No,No,,No,No,HO64,HO64
HO65,"663 VICTORIA STREET ABBOTSFORD Former Alma Woolworks Complex Incorporated plan: Incorporated Plan under the provisions of clause 43.01 Heritage Overlay, Planning permit exemptions, July 2014",Yes,No,No,No,No,No,,No,No,HO65,HO65
HO66,"1 CHANDLER HIGHWAY ALPHINGTON Aratapu Incorporated plan: Incorporated Plan under the provisions of clause 43.01 Heritage Overlay, Planning permit exemptions, July 2014",Yes,No,No,No,No,No,,No,No,HO66,HO66
HO67,Yarra River CHANDLER HIGHWAY ALPHINGTON Chandler Highway Bridge,-,-,-,-,Yes Ref No H2354,Yes,H2354,No,No,HO67,HO67
HO68,"17 COMO STREET ALPHINGTON Balclutha Incorporated plan: Incorporated Plan under the provisions of clause 43.01 Heritage Overlay, Planning permit exemptions, July 2014",Yes,No,No,No,No,No,,No,No,HO68,HO68
HO69,"20 COMO STREET ALPHINGTON Traquair Incorporated plan: Incorporated Plan under the provisions of clause 43.01 Heritage Overlay, Planning permit exemptions, July 2014",Yes,No,No,No,No,No,,No,No,HO69,HO69
HO70,"626 HEIDELBERG ROAD ALPHINGTON Australian Paper Mills Incorporated plan: Incorporated Plan under the provisions of clause 43.01 Heritage Overlay, Planning permit exemptions, July 2014",Yes,No,No,No,No,No,,No,No,HO70,HO70
HO71,"756-758 HEIDELBERG ROAD ALPHINGTON Shops Incorporated plan: Incorporated Plan under the provisions of clause 43.01 Heritage Overlay, Planning permit exemptions, July 2014",Yes,No,No,No,No,No,,No,No,HO71,HO71
HO72,"838-852 HEIDELBERG ROAD ALPHINGTON Tower Hotel Incorporated plan: Incorporated Plan under the provisions of clause 43.01 Heritage Overlay, Planning permit exemptions, July 2014",Yes,No,No,No,No,No,,No,No,HO72,HO72
HO73,"53 LUCERNE CRESCENT ALPHINGTON House Incorporated plan: Incorporated Plan under the provisions of clause 43.01 Heritage Overlay, Planning permit exemptions, July 2014",Yes,No,Yes,Yes,No,No,,No,No,HO73,HO73
HO74,"54 LUCERNE CRESCENT ALPHINGTON House Incorporated plan: Incorporated Plan under the provisions of clause 43.01 Heritage Overlay, Planning permit exemptions, July 2014",Yes,No,No,No,No,No,,No,No,HO74,HO74
HO75,"65 LUCERNE CRESCENT ALPHINGTON House Incorporated plan: Incorporated Plan under the provisions of clause 43.01 Heritage Overlay, Planning permit exemptions, July 2014",Yes,No,No,No,No,No,,No,No,HO75,HO75
HO76,"75 LUCERNE CRESCENT ALPHINGTON House Incorporated plan: Incorporated Plan under the provisions of clause 43.01 Heritage Overlay, Planning permit exemptions, July 2014",Yes,No,No,No,No,No,,No,No,HO76,HO76
HO77,"93 LUCERNE CRESCENT ALPHINGTON House Incorporated plan: Incorporated Plan under the provisions of clause 43.01 Heritage Overlay, Planning permit exemptions, July 2014",Yes,No,No,No,No,No,,No,No,HO77,HO77
HO78,"18 OLD HEIDELBERG ROAD ALPHINGTON House Incorporated plan: Incorporated Plan under the provisions of clause 43.01 Heritage Overlay, Planning permit exemptions, July 2014",Yes,No,No,No,No,No,,No,No,HO78,HO78
HO79,"Darebin Creek OLD HEIDELBERG ROAD ALPHINGTON Footbridge Incorporated plan: Incorporated Plan under the provisions of clause 43.01 Heritage Overlay, Planning permit exemptions, July 2014",Yes,No,No,No,No,No,,No,No,HO79,HO79
HO80,"5-7 REX AVENUE ALPHINGTON Alameda Incorporated plan: Incorporated Plan under the provisions of clause 43.01 Heritage Overlay, Planning permit exemptions, July 2014",Yes,No,No,No,No,No,,No,No,HO80,HO80
HO81,"3 ROEMER CRESCENT ALPHINGTON Rosemount Incorporated plan: Incorporated Plan under the provisions of clause 43.01 Heritage Overlay, Planning permit exemptions, July 2014",Yes,No,No,No,No,No,,No,No,HO81,HO81
HO82,"1 TOWER AVENUE ALPHINGTON Edgebaston Incorporated plan: Incorporated Plan under the provisions of clause 43.01 Heritage Overlay, Planning permit exemptions, July 2014",Yes,No,No,No,No,No,,No,No,HO82,HO82
HO83,"1 VIEW STREET ALPHINGTON Bokhara Incorporated plan: Incorporated Plan under the provisions of clause 43.01 Heritage Overlay, Planning permit exemptions, July 2014",Yes,Yes,No,No,No,No,,No,No,HO83,HO83
HO84,"31 YARRAFORD AVENUE ALPHINGTON House Incorporated plan: Incorporated Plan under the provisions of clause 43.01 Heritage Overlay, Planning permit exemptions, July 2014",Yes,No,No,No,No,No,,No,No,HO84,HO84
HO85,94 ALEXANDRA PARADE CLIFTON HILL Shot Tower,-,-,-,-,Yes Ref No H709,Yes,H709,Yes,No,HO85,HO85
HO86,183-185 GOLD STREET CLIFTON HILL Gold Street Primary School No. 1360,-,-,-,-,Yes Ref No H1621,Yes,H1621,No,No,HO86,HO86
HO87,"19-27 GRANT STREET CLIFTON HILL Former Clifton Sawmills and Box Factory Chimney Incorporated plan: Incorporated Plan under the provisions of clause 43.01 Heritage Overlay, Planning permit exemptions, July 2014",Yes,No,No,No,No,No,,No,No,HO87,HO87
HO88,"47-55 GRANT STREET CLIFTON HILL Houses Incorporated plan: Incorporated Plan under the provisions of clause 43.01 Heritage Overlay, Planning permit exemptions, July 2014",Yes,No,No,No,No,No,,No,No,HO88,HO88
HO89,"457 HODDLE STREET CLIFTON HILL Former Murray & Co Wool Works Incorporated plan: Incorporated Plan under the provisions of clause 43.01 Heritage Overlay, Planning permit exemptions, July 2014",Yes,No,No,No,No,No,,No,No,HO89,HO89
HO90,1 HEIDELBERG ROAD CLIFTON HILL Clifton Hill Railway Station Complex,-,-,-,-,Yes Ref No H1668,Yes,H1668,Yes,No,HO90,HO90
HO91,"19-31 JOHN STREET CLIFTON HILL Railway Terrace Incorporated plan:   Incorporated Plan under the provisions of clause 43.01 Heritage Overlay, Planning permit exemptions, July 2014",Yes,No,No,No,No,No,,No,No,HO91,HO91
HO92,199 QUEENS PARADE CLIFTON HILL Former United Kingdom Hotel (now McDonald’s),-,-,-,-,Yes Ref No H684,Yes,H684,Yes,No,HO92,HO92
HO93,"QUEENS PARADE, BETWEEN ALEXANDRA PARADE & DELBRIDGE STREET CLIFTON HILL/ NORTH FITZROY Street Trees Incorporated plan: Incorporated Plan under the provisions of clause 43.01 Heritage Overlay, Planning permit exemptions, July 2014",No,No,Yes,No,No,No,,No,No,HO93,HO93
HO94,"BETWEEN NORTH TERRACE AND SOUTH TERRACE CLIFTON HILL Darling Gardens Incorporated plan: Incorporated Plan under the provisions of clause 43.01 Heritage Overlay, Planning permit exemptions, July 2014",No,No,Yes,No,No,No,,No,No,HO94,HO94
HO95,"15-17 BEDFORD STREET COLLINGWOOD Former Boot Factory Incorporated plan: Incorporated Plan under the provisions of clause 43.01 Heritage Overlay, Planning permit exemptions, July 2014",Yes,No,No,No,No,No,,No,No,HO95,HO95
HO96,"33-47 BEDFORD STREET COLLINGWOOD Purfleet Cottages Incorporated plan: Incorporated Plan under the provisions of clause 43.01 Heritage Overlay, Planning permit exemptions, July 2014",Yes,No,No,No,No,No,,No,No,HO96,HO96
HO97,"66 CROMWELL STREET COLLINGWOOD Cromwell Heights Incorporated plan: Incorporated Plan under the provisions of clause 43.01 Heritage Overlay, Planning permit exemptions, July 2014",Yes,No,No,No,No,No,,No,No,HO97,HO97
HO98,"1 DERBY STREET COLLINGWOOD Derby House Incorporated plan: Incorporated Plan under the provisions of clause 43.01 Heritage Overlay, Planning permit exemptions, July 2014",Yes,No,No,No,No,No,,No,No,HO98,HO98
HO99,"2 DERBY STREET COLLINGWOOD House Incorporated plan: Incorporated Plan under the provisions of clause 43.01 Heritage Overlay, Planning permit exemptions, July 2014",Yes,No,No,No,No,No,,No,No,HO99,HO99
HO100,"3-7 DERBY STREET COLLINGWOOD Terrace Incorporated plan: Incorporated Plan under the provisions of clause 43.01 Heritage Overlay, Planning permit exemptions, July 2014",Yes,No,No,Yes,No,No,,No,No,HO100,HO100
HO101,"8 DERBY STREET COLLINGWOOD House Incorporated plan: Incorporated Plan under the provisions of clause 43.01 Heritage Overlay, Planning permit exemptions, July 2014",Yes,No,No,No,No,No,,No,No,HO101,HO101
HO102,"10-16 DERBY STREET COLLINGWOOD Terrace Incorporated plan: Incorporated Plan under the provisions of clause 43.01 Heritage Overlay, Planning permit exemptions, July 2014",Yes,No,No,No,No,No,,No,No,HO102,HO102
HO103,"51-55 GIPPS STREET COLLINGWOOD Glasshouse Hotel Incorporated plan: Incorporated Plan under the provisions of clause 43.01 Heritage Overlay, Planning permit exemptions, July 2014",Yes,No,No,No,No,No,,No,No,HO103,HO103
HO104,"31 HARMSWORTH STREET COLLINGWOOD Former Children’s Church Incorporated plan: Incorporated Plan under the provisions of clause 43.01 Heritage Overlay, Planning permit exemptions, July 2014",Yes,No,No,No,No,No,,No,No,HO104,HO104
HO105,"16 ISLINGTON STREET COLLINGWOOD Former Smalley & Harkness Boot Factory Incorporated plan: Incorporated Plan under the provisions of clause 43.01 Heritage Overlay, Planning permit exemptions, July 2014",Yes,No,No,No,No,No,,No,No,HO105,HO105
HO106,"61 ISLINGTON STREET COLLINGWOOD James Hood & Co. Malthouse Incorporated plan: Incorporated Plan under the provisions of clause 43.01 Heritage Overlay, Planning permit exemptions, July 2014",Yes,No,No,No,No,No,,No,No,HO106,HO106
HO107,8 -10 JOHNSTON STREET COLLINGWOOD Belmont,-,-,-,-,Yes Ref No H871,Yes,H871,Yes,No,HO107,HO107
HO108,"51 KEELE STREET COLLINGWOOD Former Friendly Societies Hotel Incorporated plan: Incorporated Plan under the provisions of clause 43.01 Heritage Overlay, Planning permit exemptions, July 2014",Yes,No,No,No,No,No,,No,No,HO108,HO108
HO109,"55 LANGRIDGE STREET COLLINGWOOD Former William Peatt Boot Factory Incorporated plan: Incorporated Plan under the provisions of clause 43.01 Heritage Overlay, Planning permit exemptions, July 2014",Yes,No,No,No,No,No,,No,No,HO109,HO109
HO110,"143 -145 LANGRIDGE STREET COLLINGWOOD Terrace Incorporated plan: Incorporated Plan under the provisions of clause 43.01 Heritage Overlay, Planning permit exemptions, July 2014",Yes,No,No,Yes,No,No,,No,No,HO110,HO110
HO111,"147-149 LANGRIDGE STREET COLLINGWOOD Terrace Incorporated plan: Incorporated Plan under the provisions of clause 43.01 Heritage Overlay, Planning permit exemptions, July 2014",Yes,No,No,Yes,No,No,,No,No,HO111,HO111
HO112,"151-153 LANGRIDGE STREET COLLINGWOOD Terrace Incorporated plan: Incorporated Plan under the provisions of clause 43.01 Heritage Overlay, Planning permit exemptions, July 2014",Yes,No,No,No,No,No,,No,No,HO112,HO112
HO113,"160-176 LANGRIDGE STREET COLLINGWOOD Terrace Incorporated plan: Incorporated Plan under the provisions of clause 43.01 Heritage Overlay, Planning permit exemptions, July 2014",Yes,No,No,Yes,No,No,,No,No,HO113,HO113
HO114,"COLLINGWOOD COLLEGE, CNR MCCUTCHEON WAY AND CROMWELL STREET COLLINGWOOD Doll’s House",-,-,-,-,Yes Ref No H954,Yes,H954,Yes,No,HO114,HO114
HO115,"12 NAPOLEON STREET COLLINGWOOD Houses Incorporated plan: Incorporated Plan under the provisions of clause 43.01 Heritage Overlay, Planning permit exemptions, July 2014",Yes,No,No,Yes,No,No,,No,No,HO115,HO115
HO116,"NORTHUMBERLAND STREET COLLINGWOOD Former Victoria Old Distillery Incorporated plan: Incorporated Plan under the provisions of clause 43.01 Heritage Overlay, Planning permit exemptions, July 2014",Yes,No,No,No,No,No,,No,No,HO116,HO116
HO117,"46 OTTER STREET COLLINGWOOD St Joseph’s Presbytery Incorporated plan: Incorporated Plan under the provisions of clause 43.01 Heritage Overlay, Planning permit exemptions, July 2014",Yes,No,No,Yes,No,No,,No,No,HO117,HO117
HO118,"46 OTTER STREET COLLINGWOOD St Joseph’s Roman Catholic Church Incorporated plan: Incorporated Plan under the provisions of clause 43.01 Heritage Overlay, Planning permit exemptions, July 2014",Yes,No,No,Yes,No,No,,No,No,HO118,HO118
HO119,"46 OTTER STREET COLLINGWOOD St Joseph’s School Incorporated plan: Incorporated Plan under the provisions of clause 43.01 Heritage Overlay, Planning permit exemptions, July 2014",Yes,No,No,Yes,No,No,,No,No,HO119,HO119
HO120,"46 OTTER STREET COLLINGWOOD St Joseph’s Church Hall Incorporated plan: Incorporated Plan under the provisions of clause 43.01 Heritage Overlay, Planning permit exemptions, July 2014",Yes,No,No,Yes,No,No,,No,No,HO120,HO120
HO121,"37 OXFORD STREET COLLINGWOOD House Incorporated plan: Incorporated Plan under the provisions of clause 43.01 Heritage Overlay, Planning permit exemptions, July 2014",Yes,No,No,No,No,No,,No,No,HO121,HO121
HO122,"39 -41 OXFORD STREET COLLINGWOOD Houses Incorporated plan: Incorporated Plan under the provisions of clause 43.01 Heritage Overlay, Planning permit exemptions, July 2014",Yes,No,No,Yes,No,No,,No,No,HO122,HO122
HO123,"50-52 OXFORD STREET COLLINGWOOD Terrace Incorporated plan: Incorporated Plan under the provisions of clause 43.01 Heritage Overlay, Planning permit exemptions, July 2014",Yes,No,No,No,No,No,,No,No,HO123,HO123
HO124,"51-55 OXFORD STREET COLLINGWOOD Terrace Incorporated plan: Incorporated Plan under the provisions of clause 43.01 Heritage Overlay, Planning permit exemptions, July 2014",Yes,No,No,No,No,No,,No,No,HO124,HO124
HO125,"57-63 OXFORD STREET COLLINGWOOD Terraces Incorporated plan: Incorporated Plan under the provisions of clause 43.01 Heritage Overlay, Planning permit exemptions, July 2014",Yes,No,No,No,No,No,,No,No,HO125,HO125
HO126,"58-62 OXFORD STREET COLLINGWOOD Terrace Incorporated plan: Incorporated Plan under the provisions of clause 43.01 Heritage Overlay, Planning permit exemptions, July 2014",Yes,No,No,Yes,No,No,,No,No,HO126,HO126
HO127,79-93 OXFORD STREET COLLINGWOOD Part of former Foy & Gibson Complex   (Furnishings Warehouse and Clothing Factory),-,-,-,-,Yes Ref No H896,Yes,H896,No,No,HO127,HO127
HO128,95-101 OXFORD STREET COLLINGWOOD Part of former Foy & Gibson Complex (Powerhouse and Motor Garage),-,-,-,-,Yes Ref No H897,Yes,H897,No,No,HO128,HO128
HO129,68-158 OXFORD STREET 103-115 OXFORD STREET 158-172 OXFORD STREET 107-131 CAMBRIDGE STREET AND 7 STANLEY STREET COLLINGWOOD Part of former Foy & Gibson Complex,-,-,-,-,Yes Ref No H755,Yes,H755,No,No,HO129,HO129
HO130,"92-94 PERRY STREET COLLINGWOOD Terrace Incorporated plan: Incorporated Plan under the provisions of clause 43.01 Heritage Overlay, Planning permit exemptions, July 2014",Yes,No,No,No,No,No,,No,No,HO130,HO130
HO131,"112A ROKEBY STREET COLLINGWOOD Former United Tannery and Boot Factory Incorporated plan: Incorporated Plan under the provisions of clause 43.01 Heritage Overlay, Planning permit exemptions, July 2014",Yes,No,No,No,No,No,,No,No,HO131,HO131
HO132,"89 RUPERT STREET COLLINGWOOD Former Davis’ Pickle And Sauce Factory Incorporated plan: Incorporated Plan under the provisions of clause 43.01 Heritage Overlay, Planning permit exemptions, July 2014",Yes,No,No,No,No,No,,No,No,HO132,HO132
HO133,"25 -27 SACKVILLE STREET COLLINGWOOD Former Methodist Mission Church Incorporated plan: Incorporated Plan under the provisions of clause 43.01 Heritage Overlay, Planning permit exemptions, July 2014",Yes,No,No,Yes,No,No,,No,No,HO133,HO133
HO134,136 SACKVILLE STREET COLLINGWOOD Singapore Cottage,-,-,-,-,Yes Ref No H610,Yes,H610,Yes,No,HO134,HO134
HO135,114 SMITH STREET COLLINGWOOD Grace Darling Hotel,-,-,-,-,Yes Ref No H660,Yes,H660,No,No,HO135,HO135
HO136,174-180 SMITH STREET COLLINGWOOD Former Collingwood Post Office,-,-,-,-,Yes Ref No H973,Yes,H973,No,No,HO136,HO136
HO137,"2 STANLEY STREET COLLINGWOOD House Incorporated plan: Incorporated Plan under the provisions of clause 43.01 Heritage Overlay, Planning permit exemptions, July 2014",Yes,No,No,Yes,No,No,,No,No,HO137,HO137
HO138,"135 -141 VICTORIA PARADE COLLINGWOOD Prince Patrick Hotel and Shops Incorporated plan: Incorporated Plan under the provisions of clause 43.01 Heritage Overlay, Planning permit exemptions, July 2014",Yes,No,No,No,No,No,,No,No,HO138,HO138
HO139,"159 VICTORIA PARADE COLLINGWOOD Former Ebenezer Particular Baptist Church Incorporated plan: Incorporated Plan under the provisions of clause 43.01 Heritage Overlay, Planning permit exemptions, July 2014",Yes,No,No,No,No,No,,No,No,HO139,HO139
HO140,"59 WELLINGTON STREET COLLINGWOOD   The Vine Hotel Incorporated plan: Incorporated Plan under the provisions of clause 43.01 Heritage Overlay, Planning permit exemptions, July 2014",Yes,No,No,No,No,No,,No,No,HO140,HO140
HO141,1-21 ROBERT STREET & 88 WELLINGTON STREET COLLINGWOOD Former Yorkshire Brewery,-,-,-,-,Yes Ref No H807,Yes,H807,No,No,HO141,HO141
HO142,"125 WELLINGTON STREET COLLINGWOOD Sir Robert Peel Hotel Incorporated plan: Incorporated Plan under the provisions of clause 43.01 Heritage Overlay, Planning permit exemptions, July 2014",Yes,No,No,No,No,No,,No,No,HO142,HO142
HO143,162 WELLINGTON STREET COLLINGWOOD Former Free Medical Mission Dispensary (Singleton Medical Centre),-,-,-,-,Yes Ref No H497,Yes,H497,No,No,HO143,HO143
HO144,"215 WELLINGTON STREET COLLINGWOOD Former St.George’s Presbyterian Church Incorporated plan: Incorporated Plan under the provisions of clause 43.01 Heritage Overlay, Planning permit exemptions, July 2014",Yes,No,No,No,No,No,,No,No,HO144,HO144
HO145,"259 WELLINGTON STREET COLLINGWOOD Portsea House Incorporated plan: Incorporated Plan under the provisions of clause 43.01 Heritage Overlay, Planning permit exemptions, July 2014",Yes,No,No,No,No,No,,No,No,HO145,HO145
HO146,"FAIRFIELD PARK DRIVE FAIRFIELD Fairfield Boathouse Incorporated plan: Incorporated Plan under the provisions of clause 43.01 Heritage Overlay, Planning permit exemptions, July 2014",Yes,No,No,No,No,No,,No,No,HO146,HO146
HO147,"FAIRFIELD PARK DRIVE FAIRFIELD Fairfield Park Incorporated plan:   Incorporated Plan under the provisions of clause 43.01 Heritage Overlay, Planning permit exemptions, July 2014",No,No,Yes,No,No,No,,No,No,HO147,HO147
HO148,17 BELL STREET FITZROY Former Exhibition High School Residence,-,-,-,-,Yes Ref No H1726,Yes,H1726,No,No,HO148,HO148
HO149,40-48 BELL STREET FITZROY Former National School,-,-,-,-,Yes Ref No H1031,Yes,H1031,No,No,HO149,HO149
HO150,9 BRUNSWICK STREET FITZROY Dodgshun House,-,-,-,-,Yes Ref No H1706,Yes,H1706,No,No,HO150,HO150
HO151,11 BRUNSWICK STREET FITZROY Residence,-,-,-,-,Yes Ref No H149,Yes,H149,No,No,HO151,HO151
HO152,13 BRUNSWICK STREET FITZROY Shop and residence,-,-,-,-,Yes Ref No H150,Yes,H150,No,No,HO152,HO152
HO153,"25 -37 BRUNSWICK STREET FITZROY Barcelona Terrace Gardens Incorporated plan: Incorporated Plan under the provisions of clause 43.01 Heritage Overlay, Planning permit exemptions, July 2014",No,No,Yes,No,No,No,,No,No,HO153,HO153
HO154,39-49 BRUNSWICK STREET FITZROY Royal Terrace,-,-,-,-,Yes Ref No H470,Yes,H470,No,No,HO154,HO154
HO155,236-252 BRUNSWICK STREET AND 33-62 GREEVES STREET FITZROY Shops,-,-,-,-,Yes Ref No H559,Yes,H559,No,No,HO155,HO155
HO156,34-38 FITZROY STREET FITZROY Former Devonshire Arms Hotel,-,-,-,-,Yes Ref No H528,Yes,H528,No,No,HO156,HO156
HO157,"GEORGE STREET FITZROY State School No. 450 Incorporated plan: Incorporated Plan under the provisions of clause 43.01 Heritage Overlay, Planning permit exemptions, July 2014",Yes,No,No,No,No,No,,No,No,HO157,HO157
HO158,268 GEORGE STREET FITZROY St Mark’s Anglican Church,-,-,-,-,Yes Ref No H553,Yes,H553,Yes,No,HO158,HO158
HO159,64-78 GERTRUDE STREET FITZROY Glass Terrace,-,-,-,-,Yes Ref No H446,Yes,H446,No,No,HO159,HO159
HO160,181-183 GERTRUDE STREET AND 89 GEORGE STREET FITZROY Shops,-,-,-,-,Yes Ref No H886,Yes,H886,No,No,HO160,HO160
HO161,209 GORE STREET FITZROY Cobden Terrace,-,-,-,-,Yes Ref No H152,Yes,H152,No,No,HO161,HO161
HO162,211 GORE STREET FITZROY Cobden Terrace,-,-,-,-,Yes Ref No H153,Yes,H153,No,No,HO162,HO162
HO163,213 GORE STREET FITZROY Cobden Terrace,-,-,-,-,Yes Ref No H154,Yes,H154,No,No,HO163,HO163
HO164,215 GORE STREET FITZROY Cobden Terrace,-,-,-,-,Yes Ref No H155,Yes,H155,No,No,HO164,HO164
HO165,217 GORE STREET FITZROY Cobden Terrace,-,-,-,-,Yes Ref No H156,Yes,H156,No,No,HO165,HO165
HO166,219 GORE STREET FITZROY Cobden Terrace,-,-,-,-,Yes Ref No H157,Yes,H157,No,No,HO166,HO166
HO167,221 GORE STREET FITZROY Cobden Terrace,-,-,-,-,Yes Ref No H158,Yes,H158,No,No,HO167,HO167
HO168,331 GORE STREET FITZROY Holyrood Terrace,-,-,-,-,Yes Ref No H159,Yes,H159,No,No,HO168,HO168
HO169,333 GORE STREET FITZROY Holyrood Terrace,-,-,-,-,Yes Ref No H160,Yes,H160,No,No,HO169,HO169
HO170,335 GORE STREET FITZROY Holyrood Terrace,-,-,-,-,Yes Ref No H161,Yes,H161,No,No,HO170,HO170
HO171,35-39 HANOVER STREET FITZROY Edward Wills House (Residence),-,-,-,-,Yes Ref No H162,Yes,H162,No,No,HO171,HO171
HO172,36 NAPIER STREET FITZROY Falconer Terrace,-,-,-,-,Yes Ref No H164,Yes,H164,No,No,HO172,HO172
HO173,38 NAPIER STREET FITZROY Falconer Terrace,-,-,-,-,Yes Ref No H165,Yes,H165,No,No,HO173,HO173
HO174,40 NAPIER STREET FITZROY Falconer Terrace,-,-,-,-,Yes Ref No H166,Yes,H166,No,No,HO174,HO174
HO175,42 NAPIER STREET FITZROY   Falconer Terrace,-,-,-,-,Yes Ref No H167,Yes,H167,No,No,HO175,HO175
HO176,44 NAPIER STREET FITZROY Falconer Terrace,-,-,-,-,Yes Ref No H168,Yes,H168,No,No,HO176,HO176
HO177,46 NAPIER STREET FITZROY Falconer Terrace,-,-,-,-,Yes Ref No H169,Yes,H169,No,No,HO177,HO177
HO178,48 NAPIER STREET FITZROY Falconer Terrace,-,-,-,-,Yes Ref No H170,Yes,H170,No,No,HO178,HO178
HO179,50 NAPIER STREET FITZROY Falconer Terrace,-,-,-,-,Yes Ref No H171,Yes,H171,No,No,HO179,HO179
HO180,201 NAPIER STREET FITZROY Fitzroy Town Hall,-,-,-,-,Yes Ref No H147,Yes,H147,Yes,No,HO180,HO180
HO181,46-48 NICHOLSON STREET CORNER GERTRUDE STREET FITZROY Former Cable Tram Engine House,-,-,-,-,Yes Ref No H584,Yes,H584,Yes,No,HO181,HO181
HO182,40 NICHOLSON STREET FITZROY Osborne House,-,-,-,-,Yes Ref No H1607,Yes,H1607,No,No,HO182,HO182
HO183,50-68 NICHOLSON STREET FITZROY Royal Terrace,-,-,-,-,Yes Ref No H172,Yes,H172,No,No,HO183,HO183
HO184,88 NICHOLSON STREET FITZROY Convent of Mercy and Academy of Mary Immaculate,-,-,-,-,Yes Ref No H507,Yes,H507,Yes,No,HO184,HO184
HO185,98 NICHOLSON STREET AND 14 HANOVER STREET FITZROY   Cairo Flats,-,-,-,-,Yes Ref No H1005,Yes,H1005,No,No,HO185,HO185
HO186,122 NICHOLSON STREET FITZROY Residence,-,-,-,-,Yes Ref No H539,Yes,H539,No,No,HO186,HO186
HO187,165-167 SMITH STREET FITZROY Former Union Bank of Australia,-,-,-,-,Yes Ref No H506,Yes,H506,No,No,HO187,HO187
HO188,"VICTORIA PARADE FITZROY Street Trees Incorporated plan: Incorporated Plan under the provisions of clause 43.01 Heritage Overlay, Planning permit exemptions, July 2014",No,No,Yes,No,No,No,,No,No,HO188,HO188
HO189,VICTORIA PARADE FITZROY/ COLLINGWOOD Ornamental Tramway Overhead Poles,-,-,-,-,Yes Ref No H1023,Yes,H1023,No,No,HO189,HO189
HO190,77 VICTORIA PARADE FITZROY Former Eastern Hill Hotel,-,-,-,-,Yes Ref No H816,Yes,H816,No,No,HO190,HO190
HO191,169 VICTORIA PARADE FITZROY Blanche Terrace,-,-,-,-,Yes Ref No H177,Yes,H177,No,No,HO191,HO191
HO192,171 VICTORIA PARADE FITZROY Blanche Terrace,-,-,-,-,Yes Ref No H178,Yes,H178,No,No,HO192,HO192
HO193,173 VICTORIA PARADE FITZROY Blanche Terrace,-,-,-,-,Yes Ref No H179,Yes,H179,No,No,HO193,HO193
HO194,175 VICTORIA PARADE FITZROY Blanche Terrace,-,-,-,-,Yes Ref No H180,Yes,H180,No,No,HO194,HO194
HO195,177 VICTORIA PARADE FITZROY Blanche Terrace,-,-,-,-,Yes Ref No H181,Yes,H181,No,No,HO195,HO195
HO196,179 VICTORIA PARADE FITZROY Blanche Terrace,-,-,-,-,Yes Ref No H182,Yes,H182,No,No,HO196,HO196
HO197,203 VICTORIA PARADE FITZROY Terrace,-,-,-,-,Yes Ref No H590,Yes,H590,No,No,HO197,HO197
HO198,557-567 DRUMMOND STREET NORTH CARLTON Cambridge Terrace,-,-,-,-,Yes Ref No H1606,Yes,H1606,No,No,HO198,HO198
HO199,60 LEE STREET NORTH CARLTON Lee Street Primary School No.1252,-,-,-,-,Yes Ref No H1626,Yes,H1626,No,No,HO199,HO199
HO200,100 PATERSON STREET PRINCES HILL Terrace,-,-,-,-,Yes Ref No H76,Yes,H76,No,No,HO200,HO200
HO201,102 PATERSON STREET PRINCES HILL Terrace,-,-,-,-,Yes Ref No H77,Yes,H77,No,No,HO201,HO201
HO202,104 PATERSON STREET PRINCES HILL Terrace,-,-,-,-,Yes Ref No H78,Yes,H78,No,No,HO202,HO202
HO203,106 PATERSON STREET PRINCES HILL Terrace,-,-,-,-,Yes Ref No H79,Yes,H79,No,No,HO203,HO203
HO204,108 PATERSON STREET PRINCES HILL   Terrace,-,-,-,-,Yes Ref No H80,Yes,H80,No,No,HO204,HO204
HO205,110 PATERSON STREET PRINCES HILL Terrace,-,-,-,-,Yes Ref No H81,Yes,H81,No,No,HO205,HO205
HO206,112 PATERSON STREET PRINCES HILL Terrace,-,-,-,-,Yes Ref No H82,Yes,H82,No,No,HO206,HO206
HO207,114 PATERSON STREET PRINCES HILL Terrace,-,-,-,-,Yes Ref No H83,Yes,H83,No,No,HO207,HO207
HO208,116 PATERSON STREET PRINCES HILL Terrace,-,-,-,-,Yes Ref No H84,Yes,H84,No,No,HO208,HO208
HO209,118 PATERSON STREET PRINCES HILL Terrace,-,-,-,-,Yes Ref No H85,Yes,H85,No,No,HO209,HO209
HO210,1021-1029 RATHDOWNE STREET & 440 PARK STREET NORTH CARLTON Former Cable Tram Engine House,-,-,-,-,Yes Ref No H718,Yes,H718,No,No,HO210,HO210
HO211,"Cnr George Street ALEXANDRA PARADE NORTH FITZROY Former Fitzroy Gas Works Valve House and Store Incorporated plan: Incorporated Plan under the provisions of clause 43.01 Heritage Overlay, Planning permit exemptions, July 2014",Yes,No,No,No,No,No,,No,No,HO211,HO211
HO212,"Cnr Fergie Street ALFRED CRESCENT NORTH FITZROY State School No. 1490 Incorporated plan: Incorporated Plan under the provisions of clause 43.01 Heritage Overlay, Planning permit exemptions, July 2014",Yes,No,No,No,No,No,,No,No,HO212,HO212
HO213,"BRUNSWICK STREET AND ALFRED CRESCENT NORTH FITZROY Edinburgh Gardens Incorporated plan: Incorporated Plan under the provisions of clause 43.01 Heritage Overlay, Planning permit exemptions, July 2014",No,No,Yes,No,No,No,,No,No,HO213,HO213
HO214,863 BRUNSWICK STREET NORTH FITZROY Former North Fitzroy Electric Railway Substation,-,-,-,-,Yes Ref No H939,Yes,H939,No,No,HO214,HO214
HO215,Cnr Freeman Street BRUNSWICK STREET NORTH FITZROY Fitzroy Cricket Ground Grandstand,-,-,-,-,Yes Ref No H751,Yes,H751,Yes,No,HO215,HO215
HO216,96 MCKEAN STREET NORTH FITZROY   Haselmere (Residence),-,-,-,-,Yes Ref No H163,Yes,H163,No,No,HO216,HO216
HO217,10 CHURCH STREET NORTH FITZROY Former Methodist Church (Uniting Church),-,-,-,-,Yes Ref No H148,Yes,H148,Yes,No,HO217,HO217
HO218,20 RUSHALL CRESCENT NORTH FITZROY Old Colonists' Homes includes landscaping,-,-,-,-,Yes Ref No H821,Yes,H821,No,No,HO218,HO218
HO219,131 ST GEORGES ROAD NORTH FITZROY York House,-,-,-,-,Yes Ref No H176,Yes,H176,No,No,HO219,HO219
HO220,251 ST GEORGES ROAD NORTH FITZROY Former North Fitzroy Post Office,-,-,-,-,Yes Ref No H900,Yes,H900,No,No,HO220,HO220
HO221,370-374 QUEENS PARADE NORTH FITZROY ANZ Bank,-,-,-,-,Yes Ref No H892,Yes,H892,No,No,HO221,HO221
HO222,"14 ABINGER STREET RICHMOND Richmond Creche and Day Nursery Incorporated plan: Incorporated Plan under the provisions of clause 43.01 Heritage Overlay, Planning permit exemptions, July 2014",Yes,No,No,No,No,No,,No,No,HO222,HO222
HO223,"6 BAKER STREET RICHMOND   House Incorporated plan: Incorporated Plan under the provisions of clause 43.01 Heritage Overlay, Planning permit exemptions, July 2014",Yes,No,No,Yes,No,No,,No,No,HO223,HO223
HO224,22-50 BENDIGO STREET RICHMOND Former Wertheim Piano Factory (GTV9 Studios),-,-,-,-,Yes Ref No H2165,Yes,H2165,No,No,HO224,HO224
HO225,"19 BENDIGO STREET RICHMOND House Incorporated plan: Incorporated Plan under the provisions of clause 43.01 Heritage Overlay, Planning permit exemptions, July 2014",Yes,No,No,Yes,No,No,,No,No,HO225,HO225
HO226,18 BERRY STREET RICHMOND House,-,-,-,-,Yes Ref No H710,Yes,H710,No,No,HO226,HO226
HO227,"6 BOSISTO STREET RICHMOND House Incorporated plan: Incorporated Plan under the provisions of clause 43.01 Heritage Overlay, Planning permit exemptions, July 2014",Yes,No,No,No,No,No,,No,No,HO227,HO227
HO228,"649 BRIDGE ROAD RICHMOND Former Cable Tram Depot   Incorporated plan: Incorporated Plan under the provisions of clause 43.01 Heritage Overlay, Planning permit exemptions, July 2014",Yes,No,No,No,No,No,,No,No,HO228,HO228
HO229,Yarra River BRIDGE ROAD RICHMOND Hawthorn Bridge,-,-,-,-,Yes Ref No H50,Yes,H50,No,No,HO229,HO229
HO230,"333 BRIDGE ROAD RICHMOND Richmond Police Station Incorporated plan: Incorporated Plan under the provisions of clause 43.01 Heritage Overlay, Planning permit exemptions, July 2014",Yes,No,No,No,No,No,,No,No,HO230,HO230
HO231,"30 BRIGHTON STREET RICHMOND House Incorporated plan: Incorporated Plan under the provisions of clause 43.01 Heritage Overlay, Planning permit exemptions, July 2014",Yes,No,No,No,No,No,,No,No,HO231,HO231
HO232,"164-166 BRIGHTON STREET RICHMOND Maroura & Korein Incorporated plan: Incorporated Plan under the provisions of clause 43.01 Heritage Overlay, Planning permit exemptions, July 2014",Yes,No,No,Yes,No,No,,No,No,HO232,HO232
HO233,"90 BURNLEY STREET RICHMOND Congregational Church Incorporated plan: Incorporated Plan under the provisions of clause 43.01 Heritage Overlay, Planning permit exemptions, July 2014",Yes,No,No,No,No,No,,No,No,HO233,HO233
HO234,"144 BURNLEY STREET RICHMOND Enfield Incorporated plan: Incorporated Plan under the provisions of clause 43.01 Heritage Overlay, Planning permit exemptions, July 2014",Yes,No,No,Yes,No,No,,No,No,HO234,HO234
HO235,"271-273 BURNLEY STREET RICHMOND Burnley Uniting (Presbyterian) Church Incorporated plan: Incorporated Plan under the provisions of clause 43.01 Heritage Overlay, Planning permit exemptions, July 2014",Yes,No,No,No,No,No,,No,No,HO235,HO235
HO236,"290-300 BURNLEY STREET RICHMOND St Bartholemew’s Church Complex Incorporated plan: Incorporated Plan under the provisions of clause 43.01 Heritage Overlay, Planning permit exemptions, July 2014",Yes,No,No,No,No,No,,No,No,HO236,HO236
HO237,"336 BURNLEY STREET RICHMOND House Incorporated plan: Incorporated Plan under the provisions of clause 43.01 Heritage Overlay, Planning permit exemptions, July 2014",Yes,No,No,No,No,No,,No,No,HO237,HO237
HO239,Yarra River CHURCH STREET RICHMOND AND CREMORNE Church Street Bridge,-,-,-,-,Yes Ref No H1917,Yes,H1917,No,No,HO239,HO239
HO240,560 CHURCH STREET CREMORNE Former Bryant and May Industrial Complex,-,-,-,-,Yes Ref No H626,Yes,H626,No,No,HO240,HO240
HO241,293 CHURCH STREET RICHMOND Former Lalor House,-,-,-,-,Yes Ref No H211,Yes,H211,No,No,HO241,HO241
HO242,350-362 CHURCH STREET RICHMOND St Stephen’s Anglican Church The heritage place includes Vicarage,-,-,-,-,Yes Ref No H586,Yes,H586,Yes,No,HO242,HO242
HO243,13 COPPIN STREET RICHMOND PS,"YesHeritage Place  House 
Incorporated plan: 
Incorporated Plan under the provisions 
of clause 43.01 Heritage Overlay, 
Planning permit exemptions, July 201479 COPPIN STREET RICHMOND 
Former Griffiths Boot Factory 
Incorporated plan: 
Incorporated Plan under the provisions 
of clause 43.01 Heritage Overlay, 
Planning permit exemptions, July 2014234 COPPIN STREET RICHMOND 
House 
Incorporated plan: 
Incorporated Plan under the provisions 
of clause 43.01 Heritage Overlay, 
Planning permit exemptions, July 2014",NoHeritage PlaceApply?  YesYes,No,No,"No External 
Paint 
Controls 
Apply?Internal 
Alteration 
Controls 
Apply? Apply?Heritage Act 2017 ?  Clause 43.01-4    NoNo NoNo",No,,No,No,HO243,HO243
HO246,"HO246       Yes - -     es Ref No H1634 o Incorporated plan: Incorporated Plan under the provisions of clause 43.01 Heritage Overlay, Planning permit exemptions, July 2014",55-67 CREMORNE STREET   No,-   No,-,-,-          NoNo,,,-,-,HO246,HO246
HO248,"9-15 CROWN STREET RICHMOND Queens Terrace Incorporated plan: Incorporated Plan under the provisions of clause 43.01 Heritage Overlay, Planning permit exemptions, July 2014",Yes,No,No,Yes,No,No,,No,No,HO248,HO248
HO249,"16-18 CUBITT STREET RICHMOND Terrace Incorporated plan: Incorporated Plan under the provisions of clause 43.01 Heritage Overlay, Planning permit exemptions, July 2014",Yes,No,No,No,No,No,,No,No,HO249,HO249
HO250,"9-11 DAVID STREET RICHMOND Former Builders Steel Form Supply Co. Incorporated plan: Incorporated Plan under the provisions of clause 43.01 Heritage Overlay, Planning permit exemptions, July 2014",Yes,No,No,No,No,No,,No,No,HO250,HO250
HO251,138-160 BUCKINGHAM STREET RICHMOND Primary School No. 2798,-,-,-,-,Yes Ref No H1635,Yes,H1635,No,No,HO251,HO251
HO252,"26 DOONSIDE STREET RICHMOND Former Repco Offices Incorporated plan: Incorporated Plan under the provisions of clause 43.01 Heritage Overlay, Planning permit exemptions, July 2014",Yes,No,No,No,No,No,,No,No,HO252,HO252
HO253,"30-38 DOVER STREET RICHMOND Hurst Terrace Incorporated plan: Incorporated Plan under the provisions of clause 43.01 Heritage Overlay, Planning permit exemptions, July 2014",Yes,No,No,No,No,No,,No,No,HO253,HO253
HO343,"105-115 DOVER STREET RICHMOND Slade Knitwear Sign Incorporated plan: Incorporated Plan under the provisions of clause 43.01 Heritage Overlay, Planning permit exemptions, July 2014",No,No,No,No,No,No,,No,No,HO343,HO343
HO254,"19 DUKE STREET RICHMOND Former Council Stables Incorporated plan: Incorporated Plan under the provisions of clause 43.01 Heritage Overlay, Planning permit exemptions, July 2014",Yes,No,No,No,No,No,,No,No,HO254,HO254
HO256,"1 EGAN STREET RICHMOND Perseverance Incorporated plan: Incorporated Plan under the provisions of clause 43.01 Heritage Overlay, Planning permit exemptions, July 2014",Yes,No,No,No,No,No,,No,No,HO256,HO256
HO257,29 ERIN STREET RICHMOND Elim,-,-,-,-,Yes Ref No H651,Yes,H651,No,No,HO257,HO257
HO258,24-28 GIPPS STREET RICHMOND Former Richmond Rifles Volunteer Orderly Room,-,-,-,-,Yes Ref No H1362,Yes,H1362,No,No,HO258,HO258
HO259,21-31 GOODWOOD STREET RICHMOND Pelaco Sign,-,-,-,-,Yes Ref No H1149,Yes,H1149,No,No,HO259,HO259
HO260,7 GLEADELL STREET RICHMOND Former Gas Inspector’s Residence,-,-,-,-,Yes Ref No H1610,Yes,H1610,Yes,No,HO260,HO260
HO261,"3 GLEADELL STREET RICHMOND Richmond Baths Incorporated plan: Incorporated Plan under the provisions of clause 43.01 Heritage Overlay, Planning permit exemptions, July 2014",Yes,No,No,No,No,No,,No,No,HO261,HO261
HO262,"Yarra River GRANGE ROAD RICHMOND MacRobertson Bridge Incorporated plan: Incorporated Plan under the provisions of clause 43.01 Heritage Overlay, Planning permit exemptions, July 2014",Yes,No,No,No,No,No,,No,No,HO262,HO262
HO340,"148 HIGHETT STREET RICHMOND House Incorporated plan: Incorporated Plan under the provisions of clause 43.01 Heritage Overlay, Planning permit exemptions, July 2014",Yes,No,No,No,No,No,,No,No,HO340,HO340
HO341,"150 HIGHETT STREET RICHMOND House Incorporated plan: Incorporated Plan under the provisions of clause 43.01 Heritage Overlay, Planning permit exemptions, July 2014",Yes,No,No,No,No,No,,No,No,HO341,HO341
HO263,"261 HIGHETT STREET RICHMOND House Incorporated plan: Incorporated Plan under the provisions of clause 43.01 Heritage Overlay, Planning permit exemptions, July 2014",Yes,No,No,No,No,No,,No,No,HO263,HO263
HO264,"263 HIGHETT STREET RICHMOND House Incorporated plan: Incorporated Plan under the provisions of clause 43.01 Heritage Overlay, Planning permit exemptions, July 2014",Yes,No,No,No,No,No,,No,No,HO264,HO264
HO265,"345 HIGHETT STREET RICHMOND House Incorporated plan: Incorporated Plan under the provisions of clause 43.01 Heritage Overlay, Planning permit exemptions, July 2014",Yes,No,No,No,No,No,,No,No,HO265,HO265
HO266,"117 HODDLE STREET RICHMOND House Incorporated plan: Incorporated Plan under the provisions of clause 43.01 Heritage Overlay, Planning permit exemptions, July 2014",Yes,No,No,Yes,No,No,,No,No,HO266,HO266
HO267,171 HODDLE STREET RICHMOND Urbrae,-,-,-,-,Yes Ref No H719,Yes,H719,No,No,HO267,HO267
HO268,"3 HULL STREET RICHMOND Roeberry House Incorporated plan: Incorporated Plan under the provisions of clause 43.01 Heritage Overlay, Planning permit exemptions, July 2014",Yes,No,No,No,No,No,,No,No,HO268,HO268
HO269,"4 -6 HUNTER STREET RICHMOND Terrace Incorporated plan: Incorporated Plan under the provisions of clause 43.01 Heritage Overlay, Planning permit exemptions, July 2014",Yes,No,No,No,No,No,,No,No,HO269,HO269
HO270,"72 KENT STREET RICHMOND House Incorporated plan: Incorporated Plan under the provisions of clause 43.01 Heritage Overlay, Planning permit exemptions, July 2014",Yes,No,No,No,No,No,,No,No,HO270,HO270
HO271,"86 KENT STREET RICHMOND House Incorporated plan: Incorporated Plan under the provisions of clause 43.01 Heritage Overlay, Planning permit exemptions, July 2014",Yes,No,No,No,No,No,,No,No,HO271,HO271
HO272,"175 KENT STREET House Incorporated plan: Incorporated Plan under the provisions of clause 43.01 Heritage Overlay, Planning permit exemptions, July 2014",Yes,No,No,Yes,No,No,,No,No,HO272,HO272
HO273,36 LESNEY STREET RICHMOND Residence,-,-,-,-,Yes Ref No H711,Yes,H711,No,No,HO273,HO273
HO274,"131 LORD STREET RICHMOND Former Fire Station Incorporated plan: Incorporated Plan under the provisions of clause 43.01 Heritage Overlay, Planning permit exemptions, July 2014",Yes,No,No,No,No,No,,No,No,HO274,HO274
HO275,"41 MADDEN GROVE RICHMOND Warehouse Incorporated plan: Incorporated Plan under the provisions of clause 43.01 Heritage Overlay, Planning permit exemptions, July 2014",Yes,No,No,No,No,No,,No,No,HO275,HO275
HO276,"347 MARY STREET RICHMOND Richmond Terminal Station Incorporated plan: Incorporated Plan under the provisions of clause 43.01 Heritage Overlay, Planning permit exemptions, July 2014",Yes,No,No,No,No,No,,No,No,HO276,HO276
HO278,"19 MURPHY STREET RICHMOND Kilmarnock Incorporated plan: Incorporated Plan under the provisions of clause 43.01 Heritage Overlay, Planning permit exemptions, July 2014",Yes,No,No,No,No,No,,No,No,HO278,HO278
HO279,658 CHURCH STREET CREMORNE Former Richmond Power Station,-,-,-,-,Yes Ref No H1055,Yes,H1055,No,No,HO279,HO279
HO280,"419-421 PUNT ROAD RICHMOND Houses Incorporated plan: Incorporated Plan under the provisions of clause 43.01 Heritage Overlay, Planning permit exemptions, July 2014",Yes,No,No,No,No,No,,No,No,HO280,HO280
HO281,"Yarra River PUNT ROAD RICHMOND Hoddle Bridge Incorporated plan: Incorporated Plan under the provisions of clause 43.01 Heritage Overlay, Planning permit exemptions, July 2014",Yes,No,No,No,No,No,,No,No,HO281,HO281
HO282,"RIVER STREET (CNR MURPHY ST) RICHMOND Former J Kennon & Sons Wool Store Incorporated plan: Incorporated Plan under the provisions of clause 43.01 Heritage Overlay, Planning permit exemptions, July 2014",Yes,No,No,No,No,No,,No,No,HO282,HO282
HO283,"rear 179 SOMERSET STREET RICHMOND St James Roman Catholic Church Incorporated plan: Incorporated Plan under the provisions of clause 43.01 Heritage Overlay, Planning permit exemptions, July 2014",Yes,No,No,No,No,No,,No,No,HO283,HO283
HO284,"2 STAWELL STREET RICHMOND Fincham Organ Factory Incorporated plan: Incorporated Plan under the provisions of clause 43.01 Heritage Overlay, Planning permit exemptions, July 2014",Yes,No,No,No,No,No,,No,No,HO284,HO284
HO285,"291 SWAN STREET RICHMOND Former Central Club Hotel Incorporated plan: Incorporated Plan under the provisions of clause 43.01 Heritage Overlay, Planning permit exemptions, July 2014",Yes,No,No,No,No,No,,No,No,HO285,HO285
HO286,"365 SWAN STREET RICHMOND Former Burnley Theatre Incorporated plan: Incorporated Plan under the provisions of clause 43.01 Heritage Overlay, Planning permit exemptions, July 2014",Yes,No,No,No,No,No,,No,No,HO286,HO286
HO287,Yarra River SWAN STREET RICHMOND Wallen Road Bridge,-,-,-,-,Yes Ref No H380,Yes,H380,No,No,HO287,HO287
HO288,216 SWAN STREET CREMORNE Former State Bank,-,-,-,-,Yes Ref No H732,Yes,H732,No,No,HO288,HO288
HO289,"316 VICTORIA STREET RICHMOND House Incorporated plan: Incorporated Plan under the provisions of clause 43.01 Heritage Overlay, Planning permit exemptions, July 2014",Yes,No,No,Yes,No,No,,No,No,HO289,HO289
HO290,"318-326 VICTORIA STREET RICHMOND Byrne’s Arcade Terrace Incorporated plan: Incorporated Plan under the provisions of clause 43.01 Heritage Overlay, Planning permit exemptions, July 2014",Yes,No,No,Yes,No,No,,No,No,HO290,HO290
HO291,"488-496 VICTORIA STREET RICHMOND Former Simpson’s Glove Factory Incorporated plan: Incorporated Plan under the provisions of clause 43.01 Heritage Overlay, Planning permit exemptions, July 2014",Yes,No,No,No,No,No,,No,No,HO291,HO291
HO292,Yarra River VICTORIA STREET RICHMOND Victoria Bridge,-,-,-,-,Yes Ref No H374,Yes,H374,No,No,HO292,HO292
HO293,"5 WELLINGTON STREET RICHMOND Former Freemason’s Tavern Incorporated plan: Incorporated Plan under the provisions of clause 43.01 Heritage Overlay, Planning permit exemptions, July 2014",Yes,No,No,No,No,No,,No,No,HO293,HO293
HO294,"15 WELLINGTON STREET RICHMOND House Incorporated plan: Incorporated Plan under the provisions of clause 43.01 Heritage Overlay, Planning permit exemptions, July 2014",Yes,No,No,No,No,No,,No,No,HO294,HO294
HO295,"67 WELLINGTON STREET RICHMOND Former Sutherland’s Distillery Incorporated plan: Incorporated Plan under the provisions of clause 43.01 Heritage Overlay, Planning permit exemptions, July 2014",Yes,No,No,Yes,No,No,,No,No,HO295,HO295
HO296,"79-93 & 80-94 WELLINGTON STREET RICHMOND Warrick Terrace and Leicester Terrace Incorporated plan: Incorporated Plan under the provisions of clause 43.01 Heritage Overlay, Planning permit exemptions, July 2014",Yes,No,No,No,No,No,,No,No,HO296,HO296
HO297,"Yarra River YARRA BOULEVARD RICHMOND Hawthorn Railway Bridge Incorporated plan: Incorporated Plan under the provisions of clause 43.01 Heritage Overlay, Planning permit exemptions, July 2014",Yes,No,No,No,No,No,,No,No,HO297,HO297
HO298,"BURNLEY PARKLANDS RICHMOND Corroboree Tree Incorporated plan: Incorporated Plan under the provisions of clause 43.01 Heritage Overlay, Planning permit exemptions, July 2014",No,No,Yes,No,No,No,,No,Yes,HO298,HO298
HO299,"THE BOULEVARD RICHMOND The Boulevard Parklands, The Boulevard, Richmond Incorporated plan: Incorporated Plan under the provisions of clause 43.01 Heritage Overlay, Planning permit exemptions, July 2014",No,No,Yes,No,No,No,,No,No,HO299,HO299
HO300,"YARRA BEND PARK YARRA BEND Bluestone quarry Incorporated plan: Incorporated Plan under the provisions of clause 43.01 Heritage Overlay, Planning permit exemptions, July 2014",No,No,No,No,No,No,,No,No,HO300,HO300
HO301,"YARRA BEND ROAD FAIRFIELD Fairlea Womens Prison, Yarra Bend Asylum (includes Asylum Gate Pillar, Remnant Trees)",-,-,-,-,Yes Ref No H1552,Yes,H1552,No,No,HO301,HO301
HO302,"YARRA BEND PARK YARRA BEND   Deep Rock Swimming Club, includes foundation stone and pioneer memorial stones Incorporated plan: Incorporated Plan under the provisions of clause 43.01 Heritage Overlay, Planning permit exemptions, July 2014",Yes,No,No,No,No,No,,No,No,HO302,HO302
HO303,"101 YARRA BEND ROAD, FAIRFIELD Fairfield Hospital (former)",-,-,-,-,Yes Ref No H1878,Yes,H1878,Yes,No,HO303,HO303
HO304,"YARRA BEND ROAD YARRA BEND Yarra Bend Golf Club House Incorporated plan: Incorporated Plan under the provisions of clause 43.01 Heritage Overlay, Planning permit exemptions, July 2014",Yes,No,No,No,No,No,,No,No,HO304,HO304
HO305,"Yarra River YARRA BEND ROAD YARRA BEND Kane’s Bridge Incorporated plan: Incorporated Plan under the provisions of clause 43.01 Heritage Overlay, Planning permit exemptions, July 2014",Yes,No,No,No,No,No,,No,No,HO305,HO305
HO306,500 AND 500A YARRA BOULEVARD BURNLEY Burnley Gardens,-,-,-,-,Yes Ref No H2052,Yes,H2052,No,No,HO306,HO306
HO307,"Yarra River YARRA BEND PARK YARRA BEND Yarra River Protectorate Station site Incorporated plan: Incorporated Plan under the provisions of clause 43.01 Heritage Overlay, Planning permit exemptions, July 2014",No,No,No,No,No,No,,No,Yes,HO307,HO307
HO308,"Barkly Gardens Precinct, Richmond Incorporated plan: Incorporated Plan under the provisions of clause 43.01 Heritage Overlay, Planning permit exemptions, July 2014",No,No,No,No,No,No,,No,No,HO308,HO308
HO309,"Bendigo Street Precinct, Richmond Incorporated plan: Incorporated Plan under the provisions of clause 43.01 Heritage Overlay, Planning permit exemptions, July 2014",No,No,No,No,No,No,,No,No,HO309,HO309
HO310,"Bridge Road Precinct, Richmond Incorporated plan: Incorporated Plan under the provisions of clause 43.01 Heritage Overlay, Planning permit exemptions, July 2014",Yes,No,No,No,No,No,,No,No,HO310,HO310
HO311,"Brunswick Street Precinct, Fitzroy Incorporated plan: Incorporated Plan under the provisions of clause 43.01 Heritage Overlay, Planning permit exemptions, July 2014",Yes,No,No,No,No,No,,No,No,HO311,HO311
HO312,"Campbell Street Precinct, Collingwood Incorporated plan: Incorporated Plan under the provisions of clause 43.01 Heritage Overlay, Planning permit exemptions, July 2014",No,No,No,No,No,No,,No,No,HO312,HO312
HO313,"Charles Street Precinct, Abbotsford Incorporated plan: Incorporated Plan under the provisions of clause 43.01 Heritage Overlay, Planning permit exemptions, July 2014",No,No,No,No,No,No,,No,No,HO313,HO313
HO314,"Yarra Falls Precinct Abbotsford Incorporated plan: Incorporated Plan under the provisions of clause 43.01 Heritage Overlay, Planning permit exemptions, July 2014",No,No,No,No,No,No,,No,No,HO314,HO314
HO315,"Church Street Precinct, Richmond Incorporated plan: Incorporated Plan under the provisions of clause 43.01 Heritage Overlay, Planning permit exemptions, July 2014",Yes,No,No,No,No,No,,No,No,HO315,HO315
HO316,"Clifton Hill Eastern Precinct Incorporated plan: Incorporated Plan under the provisions of clause 43.01 Heritage Overlay, Planning permit exemptions, July 2014",No,No,No,No,No,No,,No,No,HO316,HO316
HO317,"Clifton Hill Western Precinct Incorporated plan: Incorporated Plan under the provisions of clause 43.01 Heritage Overlay, Planning permit exemptions, July 2014",No,No,No,No,No,No,,No,No,HO317,HO317
HO318,"Collingwood Slope Precinct Incorporated plan: Incorporated Plan under the provisions of clause 43.01 Heritage Overlay, Planning permit exemptions, July 2014",No,No,No,No,No,No,,No,No,HO318,HO318
HO319,"Elm Grove Precinct, Richmond Incorporated plan: Incorporated Plan under the provisions of clause 43.01 Heritage Overlay, Planning permit exemptions, July 2014",No,No,No,No,No,No,,No,No,HO319,HO319
HO320,"Fairchild Street Precinct, Abbotsford Incorporated plan: Incorporated Plan under the provisions of clause 43.01 Heritage Overlay, Planning permit exemptions, July 2014",No,No,No,No,No,No,,No,No,HO320,HO320
HO321,"Gold Street Precinct, Collingwood Incorporated plan: Incorporated Plan under the provisions of clause 43.01 Heritage Overlay, Planning permit exemptions, July 2014",No,No,No,No,No,No,,No,No,HO321,HO321
HO322,"Golden Square Precinct, Richmond Incorporated plan: Incorporated Plan under the provisions of clause 43.01 Heritage Overlay, Planning permit exemptions, July 2014",No,No,No,No,No,No,,No,No,HO322,HO322
HO323,"Green Street Precinct, Richmond Incorporated plan: Incorporated Plan under the provisions of clause 43.01 Heritage Overlay, Planning permit exemptions, July 2014",No,No,No,No,No,No,,No,No,HO323,HO323
HO324,"Johnston Street Precinct, Collingwood Incorporated plan: Incorporated Plan under the provisions of clause 43.01 Heritage Overlay, Planning permit exemptions, July 2014",Yes,No,No,No,No,No,,No,No,HO324,HO324
HO325,"Kennedy Street Precinct, Richmond Incorporated plan: Incorporated Plan under the provisions of clause 43.01 Heritage Overlay, Planning permit exemptions, July 2014",Yes,No,No,No,No,No,,No,No,HO325,HO325
HO326,"North Carlton Precinct Incorporated plan: Incorporated Plan under the provisions of clause 43.01 Heritage Overlay, Planning permit exemptions, July 2014",No,No,No,No,No,No,,No,No,HO326,HO326
HO327,"North Fitzroy Precinct Incorporated plan: Incorporated Plan under the provisions of clause 43.01 Heritage Overlay, Planning permit exemptions, July 2014",No,No,No,No,No,No,,No,No,HO327,HO327
HO328,"Park Crescent Precinct, Alphington Incorporated plan: Incorporated Plan under the provisions of clause 43.01 Heritage Overlay, Planning permit exemptions, July 2014",No,No,No,No,No,No,,No,No,HO328,HO328
HO329,"Princes Hill Precinct Incorporated plan: Incorporated Plan under the provisions of clause 43.01 Heritage Overlay, Planning permit exemptions, July 2014",No,No,No,No,No,No,,No,No,HO329,HO329
HO330,"Queens Parade Precinct, North Fitzroy/Clifton Hill Incorporated plan: Incorporated Plan under the provisions of clause 43.01 Heritage Overlay, Planning permit exemptions, July 2014",Yes,No,No,No,No,No,,No,No,HO330,HO330
HO331,"Racecourse Precinct, Richmond Incorporated plan: Incorporated Plan under the provisions of clause 43.01 Heritage Overlay, Planning permit exemptions, July 2014",No,No,No,No,No,No,,No,No,HO331,HO331
HO332,"Richmond Hill Precinct Incorporated plan: Incorporated Plan under the provisions of clause 43.01 Heritage Overlay, Planning permit exemptions, July 2014",No,No,No,No,No,No,,No,No,HO332,HO332
HO333,"Smith Street Precinct, Fitzroy/Collingwood Incorporated plan: Incorporated Plan under the provisions of clause 43.01 Heritage Overlay, Planning permit exemptions, July 2014",Yes,No,No,No,No,No,,No,No,HO333,HO333
HO334,"South Fitzroy Precinct Incorporated plan: Incorporated Plan under the provisions of clause 43.01 Heritage Overlay, Planning permit exemptions, July 2014",No,No,No,No,No,No,,No,No,HO334,HO334
HO335,"Swan Street Precinct, Richmond Incorporated plan: Incorporated Plan under the provisions of clause 43.01 Heritage Overlay, Planning permit exemptions, July 2014",Yes,No,No,No,No,No,,No,No,HO335,HO335
HO336,"Victoria Parade Precinct, Collingwood Incorporated plan: Incorporated Plan under the provisions of clause 43.01 Heritage Overlay, Planning permit exemptions, July 2014",No,No,No,No,No,No,,No,No,HO336,HO336
HO337,"Victoria Park Precinct, Abbotsford Incorporated plan: Incorporated Plan under the provisions of clause 43.01 Heritage Overlay, Planning permit exemptions, July 2014",No,No,No,No,No,No,,No,No,HO337,HO337
HO338,"West Richmond Precinct Incorporated plan: Incorporated Plan under the provisions of clause 43.01 Heritage Overlay, Planning permit exemptions, July 2014",No,No,No,No,No,No,,No,No,HO338,HO338
HO339,"William Street Precinct, Abbotsford Incorporated plan: Incorporated Plan under the provisions of clause 43.01 Heritage Overlay, Planning permit exemptions, July 2014",No,No,No,No,No,No,,No,No,HO339,HO339
HO342,"Cremorne Precinct Incorporated plan: Incorporated Plan under the provisions of clause 43.01 Heritage Overlay, Planning permit exemptions, July 2014",No,No,No,No,No,No,,No,No,HO342,HO342
HO344,"Yarra Bend Road, Fairfield Fairfield Hospital Grounds (former) Incorporated plan: Incorporated Plan under the provisions of clause 43.01 Heritage Overlay, Planning permit exemptions, July 2014",Yes,No,Yes,No,No,No,,Yes,No,HO344,HO344
HO345,"38-40 BRUNSWICK STREET, FITZROY Former Melbourne Veterinary College",-,-,-,-,Yes Ref No H1939,Yes,H1939,No,No,HO345,HO345
HO346,"18, 20A & 20B DARLINGTON PARADE, RICHMOND Vaucluse College",-,-,-,-,Yes Ref No H1927,Yes,H1927,No,,HO346,HO346
HO347,20-22 BRUNSWICK STREET FITZROY Cathedral Hall,-,-,-,-,Yes Ref No  H1967,Yes,H1967,No,No,HO347,HO347
HO349,"Rosella Factory Complex, Buildings 1, 2 (façade and 8 metres depth of building only), 6, 7, 12, 13, 15, and 18 (façade and 7.5 metres depth of building only), with emphasis on fabric from the main Rosella complex development period (c1905- 1940). Incorporated plan: Incorporated Plan under the provisions of clause 43.01 Heritage Overlay, Planning permit exemptions, July 2014",Yes,No,No,No,No,No,,No,No,HO349,HO349
HO350,2 GOUGH STREET CRMEORNE Nylex sign 2 & 15 GOUGH STREET CREMORNE STREET Richmond Maltings,-,-,-,-,Yes  Ref No H2049 &  Ref No H2050,Yes,H2049,No,No,HO350,HO350
HO351,"Former “Spicer Factory”, 163-167 Noone Street, Clifton Hill (for a depth of 14.5 metres from the front façade/Noone Street title boundary). Incorporated plan: Incorporated Plan under the provisions of clause 43.01 Heritage Overlay, Planning permit exemptions, July 2014",No,No,No,No,No,No,,No,No,HO351,HO351
HO352,LULIE STREET ABBOTSFORD Victoria Park The heritage place includes garden reserve,-,-,-,-,Yes Ref No H75,Yes,H75,No,No,HO352,HO352
HO353,651-653 VICTORIA STREET ABBOTSFORD Skipping Girl Neon Sign,-,-,-,-,Yes Ref No H2083,Yes,H2083,No,No,HO353,HO353
HO354,35 JOHNSTON STREET COLLINGWOOD Keith Haring Mural,-,-,-,-,Yes Ref No H2055,Yes,H2055,No,No,HO354,HO354
HO355,"ALEXANDRA PARADE FITZROY “Aqua Profonda” sign, Fitzroy Pool",-,-,-,-,Yes Ref No H1687,Yes,H1687,No,No,HO355,HO355
HO356,185-193 FITZROY STREET AND 12 COWELL STREET FITZROY Christian Israelite Sanctuary,-,-,-,-,Yes Ref No H97,Yes,H97,No,No,HO356,HO356
HO357,90-92 SWAN STREET RICHMOND   Former Richmond South Post Office,-,-,-,-,Yes Ref No     H48,Yes,H48,No, ,HO357,HO357
HO358,95 KING WILLIAM STREET FITZROY All Saints Church Hall,-,-,-,-,Yes Ref No H2172,Yes,H2172,Yes,No,HO358,HO358
HO359,326-348 CHURCH STREET RICHMOND St Ignatius Church Complex,-,-,-,-,Yes Ref No H2146,Yes,H2146,Yes,,HO359,HO359
HO360,140-160 SWAN STREET CREMORNE Dimmeys,-,-,-,-,Yes Ref No H2184,Yes,H2184,No,No,HO360,HO360
HO361,"World Heritage Environs Area Precinct Incorporated plan: Incorporated Plan under the provisions of clause 43.01 Heritage Overlay, Planning permit exemptions, July 2014",No,No,No,No,No,No,,No,No,HO361,HO361
HO362,Alphington East Precinct,No,No,No,No,No,No,,No,No,HO362,HO362
HO363,"Cole’s Paddock Precinct, Richmond",No,No,No,No,No,No,,No,No,HO363,HO363
HO364,"Wellington Street Precinct, Cremorne",No,No,No,No,No,No,,No,No,HO364,HO364
HO365,69 BALMAIN STREET CREMORNE Grocer's shop & residence,No,No,No,No,No,No,,No,No,HO365,HO365
HO366,75 BALMAIN STREET CREMORNE Olinda,No,No,No,No,No,No,,No,No,HO366,HO366
HO367,80-82 BALMAIN STREET CREMORNE Klembro Pty Ltd factory,Yes,No,No,No,No,No,,No,No,HO367,HO367
HO368,"10 PEARSON STREET CREMORNE & 11 CHAPEL STREET, CREMORNE House and stables",No,No,No,No,No,No,,No,No,HO368,HO368
HO369,"2-6 APPLETON STREET RICHMOND, 97-103 BURNLEY STREET RICHMOND",No,No,No,No,No,No,,No,No,HO369,HO369
HO370,24 APPLETON STREET RICHMOND,No,No,No,No,No,No,,No,No,HO370,HO370
HO371,53-55 BAKER STREET RICHMOND,No,No,No,No,No,No,,No,No,HO371,HO371
HO372,25-31 BOSISTO STREET RICHMOND,No,No,No,No,No,No,,No,No,HO372,HO372
HO373,167 BRIGHTON STREET RICHMOND,No,No,No,No,No,No,,No,No,HO373,HO373
HO374,53 BURNLEY STREET RICHMOND Former Loyal Studley Hotel,Yes,No,No,No,No,No,,No,No,HO374,HO374
HO375,81-95 BURNLEY STREET RICHMOND Russell Manufacturing Company Pty Ltd later Repco,Yes,No,No,No,No,No,,No,No,HO375,HO375
HO376,"63-71 CHURCH STREET RICHMOND House, part shop & row house",Yes,No,No,No,No,No,,No,No,HO376,HO376
HO377,115-117 CHURCH STREET RICHMOND Former S. Andrewartha Showrooms (furniture),Yes,No,No,No,No,No,,No,No,HO377,HO377
HO378,135 CHURCH STREET RICHMOND Former Bristol Hotel,Yes,No,No,No,No,No,,No,No,HO378,HO378
HO379,"164 CHURCH STREET RICHMOND Naughten's Hotel, later Citizens Park Hotel and DT's",Yes,No,No,No,No,No,,No,No,HO379,HO379
HO380,"178 CHURCH STREET RICHMOND James Lentell building, later confectioner and bakery",Yes,No,No,No,No,No,,No,No,HO380,HO380
HO381,533-537 CHURCH STREET RICHMOND Alexander Miller's shops & residences,Yes,No,No,No,No,No,,No,No,HO381,HO381
HO382,619 CHURCH STREET RICHMOND Prince Alfred Hotel,Yes,No,No,No,No,No,,No,No,HO382,HO382
HO383,93 ELIZABETH STREET RICHMOND Kia Ora,No,No,No,No,No,No,,No,No,HO383,HO383
HO384,102 ELIZABETH STREET RICHMOND Grocer's shop & residence,Yes,No,No,No,No,No,,No,No,HO384,HO384
HO385,53 GARDNER STREET RICHMOND,No,No,No,No,No,No,,No,No,HO385,HO385
HO386,82 GARDNER STREET RICHMOND,No,No,No,No,No,No,,No,No,HO386,HO386
HO387,193-197 HIGHETT STREET RICHMOND,No,No,No,No,No,No,,No,No,HO387,HO387
HO388,247 HIGHETT STREET RICHMOND,No,No,No,No,No,No,,No,No,HO388,HO388
HO389,361 HIGHETT STREET RICHMOND Mornington,No,No,No,No,No,No,,No,No,HO389,HO389
HO390,"27-29 HODDLE STREET RICHMOND Walters' house, warehouse and stables complex",Yes,No,No,No,No,No,,No,No,HO390,HO390
HO391,129 HODDLE STREET RICHMOND Former Relova Redressing Laundry,Yes,No,No,No,No,No,,No,No,HO391,HO391
HO392,139 HODDLE STREET RICHMOND,No,No,No,No,No,No,,No,No,HO392,HO392
HO393,9 HULL STREET RICHMOND,No,No,No,No,No,No,,No,No,HO393,HO393
HO394,35-37 KENT STREET RICHMOND Row houses,Yes,No,No,No,No,No,,No,No,HO394,HO394
HO395,"59 KENT STREET RICHMOND William North house, later Navarre",Yes,No,No,No,No,No,,No,No,HO395,HO395
HO396,64 LENNOX STREET RICHMOND All Nations Hotel,Yes,No,No,No,No,No,,No,No,HO396,HO396
HO397,66 LENNOX STREET RICHMOND Mahony's shop and residence,Yes,No,No,No,No,No,,No,No,HO397,HO397
HO398,28 MURPHY STREET RICHMOND,No,No,No,No,No,No,,No,No,HO398,HO398
HO399,2-4 REGENT STREET RICHMOND,No,No,No,No,No,No,,No,No,HO399,HO399
HO400,10-14 REGENT STREET RICHMOND,Yes,No,No,No,No,No,,No,No,HO400,HO400
HO401,"28-34 ROONEY STREET, 20-24 ROSE STREET, RICHMOND & 27-57 ROONEY STREET, RICHMOND Russell Brothers tannery, part",Yes,No,No,No,No,No,,No,No,HO401,HO401
HO402,33 SMITH STREET RICHMOND,No,No,No,No,No,No,,No,No,HO402,HO402
HO403,150 SOMERSET STREET RICHMOND Portarlington Villa,No,No,No,No,No,No,,No,No,HO403,HO403
HO404,154 SOMERSET STREET RICHMOND Former Richmond Metropolitan Fire Station,Yes,No,No,No,No,No,,No,No,HO404,HO404
HO405,"60-62 SWAN STREET RICHMOND The Greyhound Hotel, later Depot Hotel, now Precinct Hotel",Yes,No,No,No,No,No,,No,No,HO405,HO405
HO406,6 YARRA STREET RICHMOND,No,No,No,No,No,No,,No,No,HO406,HO406
HO407,"21-27 YORK STREET, UNITS 1-7 OF 31 YORK STREET RICHMOND Marchants Aerated Waters and Cordials Pty Ltd",Yes,No,No,No,No,No,,No,No,HO407,HO407
HO408,Victoria Street Precinct,Yes,No,No,No,No,No,,No,No,HO408,HO408
HO409,"219-223 JOHNSTON STREET, ABBOTSFORD",Yes,No,No,No,No,No,,No,No,HO409,HO409
HO410,"247-253 JOHNSTON STREET, ABBOTSFORD St Crispin House",Yes,No,No,No,No,No,,No,No,HO410,HO410
HO411,"258-260 JOHNSTON STREET, ABBOTSFORD",Yes,No,No,No,No,No,,No,No,HO411,HO411
HO412,"300-302 JOHNSTON STREET, ABBOTSFORD",Yes,No,No,No,No,No,,No,No,HO412,HO412
HO413,"323-325 JOHNSTON STREET, ABBOTSFORD",Yes,No,No,No,No,No,,No,No,HO413,HO413
HO414,"407-409 AND 411 JOHNSTON STREET, ABBOTSFORD",Yes,No,No,No,No,No,,No,No,HO414,HO414
HO415,"1-17 STAFFORD STREET, ABBOTSFORD Whybrow’s Boot Factory",Yes,No,No,No,No,No,,No,No,HO415,HO415
HO416,"323-325 VICTORIA STREET, ABBOTSFORD Quint Café (former Duke of Albany Hotel)",Yes,No,No,No,No,No,,No,No,HO416,HO416
HO417,"63 CAMBRIDGE STREET (INCLUDING 44 OXFORD STREET), COLLINGWOOD Dyason & Co. Cordial Factory",Yes,No,No,No,No,No,,No,No,HO417,HO417
HO418,"90-94 ROKEBY STREET, COLLINGWOOD Ideal Box Co. factory",Yes,No,No,No,No,No,,No,No,HO418,HO418
HO419,"49 VERE STREET, COLLINGWOOD Collingwood College",Yes,No,No,No,No,No,,No,No,HO419,HO419
HO420,"64 WELLINGTON STREET, COLLINGWOOD William Peatt boot factory",Yes,No,No,No,No,No,,No,No,HO420,HO420
HO421,"224 HEIDELBERG ROAD, FAIRFIELD Porta factory",Yes,No,No,No,No,No,,No,No,HO421,HO421
HO422,"4 HENRY STREET, FITZROY",Yes,No,No,No,No,No,,No,No,HO422,HO422
HO423,"658 NICHOLSON STREET, NORTH FITZROY",Yes,No,No,No,No,No,,No,No,HO423,HO423
HO424,"22 -28 ABINGER STREET; 37-45 LYNDHURST STREET, RICHMOND Former maltings complex",Yes,No,No,No,No,No,,No,No,HO424,HO424
HO425,"15-21 BELL STREET, RICHMOND",Yes,No,No,No,No,No,,No,No,HO425,HO425
HO426,"185 BURNLEY STREET, RICHMOND",Yes,No,No,No,No,No,,No,No,HO426,HO426
HO427,"289, 291 AND 293 BURNLEY STREET, RICHMOND",Yes,No,No,No,No,No,,No,No,HO427,HO427
HO428,"331-333 BURNLEY STREET, RICHMOND Grand Hotel",Yes,No,No,No,No,No,,No,No,HO428,HO428
HO429,"400-402 BURNLEY STREET, RICHMOND",Yes,No,No,No,No,No,,No,No,HO429,HO429
HO430,"204, 206 AND 208 COPPIN STREET, RICHMOND",Yes,No,No,No,No,No,,No,No,HO430,HO430
HO431,"1-11 DICKENS STREET, RICHMOND",Yes,No,No,No,No,No,,No,No,HO431,HO431
HO432,"42 EDINBURGH STREET, RICHMOND",Yes,No,No,No,No,No,,No,No,HO432,HO432
HO433,"19-21 FARMER STREET, RICHMOND",Yes,No,No,No,No,No,,No,No,HO433,HO433
HO434,"75 FRASER STREET, RICHMOND",Yes,No,No,No,No,No,,No,No,HO434,HO434
HO435,"160-166 LORD STREET, RICHMOND",Yes,No,No,No,No,No,,No,No,HO435,HO435
HO436,"89 NEPTUNE STREET, RICHMOND",Yes,No,No,No,No,No,,No,No,HO436,HO436
HO437,"6 PARK AVENUE, RICHMOND",No,No,No,No,No,No,,No,No,HO437,HO437
HO438,"18 PARK AVENUE, RICHMOND ‘Howrose’",Yes,No,No,No,No,No,,No,No,HO438,HO438
HO439,"22, 24 AND 26 PARK AVENUE, RICHMOND",Yes,No,No,No,No,No,,No,No,HO439,HO439
HO440,"309 SWAN STREET, RICHMOND Swan Street Drill Hall",Yes,No,No,No,No,No,,No,No,HO440,HO440
HO441,"319 SWAN STREET, RICHMOND",Yes,No,No,No,No,No,,No,No,HO441,HO441
HO442,"413-415 SWAN STREET, RICHMOND",Yes,No,No,No,No,No,,No,No,HO442,HO442
HO443,"196A, 198 and 200-220 BURNLEY STREET, RICHMOND",Yes,No,No,No,No,No,,No,No,HO443,HO443
HO444,"Victoria Street West Precinct (233-251 VICTORIA STREET, ABBOTSFORD)",Yes,No,No,No,No,No,,No,No,HO444,HO444
HO445,137-151 CREMORNE STREET CREMORNE Wilford Terrace,Yes,No,No,No,No,No,,No,No,HO445,HO445
HO446,21-33 CUBITT STREET CREMORNE Terrace,Yes,No,No,No,No,No,,No,No,HO446,HO446
HO447,58-60 CUBITT STREET CREMORNE Houses,Yes,No,No,No,No,No,,No,No,HO447,HO447
HO448,54-64 BAKER STREET RICHMOND Somerset Terrace,Yes,No,No,No,No,No,,No,No,HO448,HO448
HO449,70 BAKER STREET RICHMOND House and fence,Yes,No,No,No,No,No,,No,No,HO449,HO449
HO450,38-50 REGENT STREET & 35-49 LITTLE HODDLE STREET RICHMOND Henry Walters’ Boot Factories (Former),No,No,No,No,No,No,,No,No,HO450,HO450
HO452,"HIGHETT, EGAN & MUIR STREETS AND JIKA PLACE RICHMOND West Richmond Railway Station complex",Yes,No,No,No,No,No,,No,No,HO452,HO452
HO453,"Building Society Cottages Precinct, Richmond",No,No,No,No,No,No,,No,No,HO453,HO453
HO454,"Church Street North Precinct, Richmond",Yes,No,No,No,No,No,,No,No,HO454,HO454
HO456,"Gardner Street Precinct, Richmond",No,No,No,No,No,No,,No,No,HO456,HO456
HO457,"Highett Street Precinct, Richmond",No,No,No,No,No,No,,No,No,HO457,HO457
HO458,"Lincoln Street Precinct, Richmond",No,No,No,No,No,No,,No,No,HO458,HO458
HO459,"Wells Street Precinct, Richmond",No,No,No,No,No,No,,No,No,HO459,HO459
HO460,"Yarraberg Precinct, Richmond",No,No,No,No,No,No,,No,No,HO460,HO460
HO461,"389-391 Highett Street, Richmond",No,No,No,No,No,No,,No,No,HO461,HO461
HO462,"6-8 Brougham Place, Richmond",No,No,No,No,No,No,,No,No,HO462,HO462
HO463,"9-11 CREMORNE STREET, CREMORNE",Yes,No,No,No,No,No,,No,No,HO463,HO463
HO464,"Smith Street South Precinct, Fitzroy and Collingwood",Yes59-61 and 67-,"Yes (51-53,  69 SmithStreet Fitzroyonly)",No,No,No,No,,No,No,HO464,HO464
HO465,218-222 NICHOLSON STREET FITZROY Former Avon Butter Factory,-,-,-,-,Yes Ref No H2315,Yes,H2315,No,No,HO465,HO465
HO466,8-12 SPRING STREET AND 14-16 ARGYLE STREET FITZROY Former cordial factory,-,-,-,-,Yes Ref No H2257,Yes,H2257,No,No,HO466,HO466
HO467,1 HOPETOUN PLACE FITZROY NORTH Former Melbourne Tramways and Omnibus Company Stables,-,-,-,-,Yes Ref No,Yes,,No,No,HO467,HO467
HO468,111 QUEENS PARADE FITZROY NORTH Porter prefabricated iron store,-,-,-,-,Yes Ref No H2243,Yes,H2243,No,No,HO468,HO468
HO469,YAN YEAN WATER SUPPLY SYSTEM Clonbinane To Fitzroy North,-,-,-,-,Yes Ref No H2333,Yes,H2333,No,No,HO469,HO469
HO470,"31 Leslie Street, Richmond",No,No,No,No,No,No,,No,No,HO470,HO470
HO471,"Abinger Street Precinct, Richmond","Yes (22-28,23 & 25Abinger Stand 37-45 &40-50Lyndhurst Stonly)",No,No,No,No,No,,No,No,HO471,HO471
HO472,"Bell Street Precinct, Richmond",Yes (15-21Bell St & 204-208 Coppin Stonly),No,No,No,No,No,,No,No,HO472,HO472
HO474,"Burnley Street Precinct, Richmond","Yes (377,380, 400-402Burnley Stand 413-415Swan St only)",No,No,No,No,No,,No,No,HO474,HO474
HO476,"Edinburgh Street Precinct, Richmond",Yes (42 & 58-60 EdinburghSt and 12Newry StOnly),No,No,No,No,No,,No,No,HO476,HO476
HO477,"Hosie Street Precinct, Richmond",No,No,No,No,No,No,,No,No,HO477,HO477
HO478,"Mitchell Street Precinct, Richmond",No,No,No,No,No,No,,No,No,HO478,HO478
HO479,"Neptune Street Precinct, Richmond",No,No,No,No,No,No,,No,No,HO479,HO479
HO481,"Stawell Street Precinct, Richmond",No,No,No,No,No,No,,No,No,HO481,HO481
HO482,"84-86 ABINGER STREET, RICHMOND W. James & Co. Sack Merchants (former)",No,No,No,No,No,No,,No,No,HO482,HO482
HO483,"254 BURNLEY STREET, RICHMOND House",Yes,No,No,No,No,No,,No,No,HO483,HO483
HO484,"327-329 BURNLEY STREET, RICHMOND Greek Orthodox Church",No,No,No,No,No,No,,No,No,HO484,HO484
HO485,"8 CORSAIR STREET, RICHMOND Opportunity Club for Girls (former)",Yes,No,No,No,No,No,,No,No,HO485,HO485
HO486,"30 CORSAIR STREET, RICHMOND House",No,No,No,No,No,No,,No,No,HO486,HO486
HO487,"8 DICKENS STREET, RICHMOND House",No,No,No,No,No,No,,No,No,HO487,HO487
HO488,"32-36 FARMER STREET, RICHMOND Terrace",Yes,No,No,No,No,No,,No,No,HO488,HO488
HO489,"85-91 LORD STREET, RICHMOND Houses",Yes,No,No,No,No,No,,No,No,HO489,HO489
HO490,"72-80 STAWELL STREET, RICHMOND Houses",Yes,No,No,No,No,No,,No,No,HO490,HO490
HO491,"69 & 89 TYPE STREET, RICHMOND Floyd Green & Co. Glassworks (former)",No,No,No,No,No,No,,No,No,HO491,HO491
HO492,"33-39 WALL STREET, RICHMOND Terrace",Yes,No,No,No,No,No,,No,No,HO492,HO492
HO495,"62-68 Appleton Street, Richmond",NoExternal,NoInternal,No,No,No TreeIncluded on the,No,,No,No,HO495,HO495
HO498,"""472-484 NAPIER STREET  NORTH    Incorporated plan:   Incorporated Plan under the provisions of clause 43.01 Heritage Overlay,20 Planning permit exemptions, July 2014","FITZROY""",No,No,No,No,No,,No,No,HO498,HO498
HO501,"""223-239 SWAN STREET  Shops and Residences    Incorporated plan:   Incorporated Plan under the provisions of clause 43.01 Heritage Overlay, Planning permit exemptions, July 2014","RICHMOND""",No,No,No,No,No,,No,No,HO501,HO501
HO503,"""2 JAMES STREET Former Commerical Stables and Hitching Posts","ABBOTSFORD""",No,No,No,No,No,,No,No,HO503,HO503
HO505,"JOHNSTON STREET EAST The  heritage place includes 219-41 & 246-  74 Johnston Street and the Johnston Street railway bridge including the brick   and bluestone abutments      Incorporated plan: Incorporated Plan under the provisions of clause 43.01 Heritage Overlay, Planning permit exemptions, July 2014",Yes – 219-23& 258-60Johnston Stonly        External,No           Internal,No,No,No                                  TreeIncluded on the,No,,No,No,HO505,HO505
HO506,"33-45 DERBY STREET, COLLINGWOOD    Incorporated plan:  Incorporated Plan under the provisions of clause 43.01 Heritage Overlay, Planning permit exemptions, July 2014",No,No,No,No,No,No,,No,No,HO506,HO506
HO507,"18-22 DERBY STREET,  COLLINGWOOD    Incorporated plan:  Incorporated Plan under the provisions of clause 43.01 Heritage Overlay, Planning permit exemptions, July 2014",No,No,No,No,No,No,,No,No,HO507,HO507
HO508,"32-34 THOMAS STREET, RICHMOND     Incorporated plan:   Incorporated Plan under the provisions of clause 43.01 Heritage Overlay, Planning permit exemptions, July 2014",No,No,No,No,No,No,,No,No,HO508,HO508
HO509,"200-206 CHURCH STREET, RICHMOND   Incorporated plan:   Incorporated Plan under the provisions of clause 43.01 Heritage Overlay, Planning permit exemptions, July 2014",No,No,No,No,No,No,,No,No,HO509,HO509
HO522,"273A SWAN STREET, RICHMOND Shop And Residence   Incorporated plan:   Incorporated Plan under the provisions of clause 43.01 Heritage Overlay, Planning permit exemptions, July 2014",No,No,No,No,No,No,,No,No,HO522,HO522
HO523,"323-325 SWAN STREET, RICHMOND Pair of Shops and Residences   Incorporated plan:   Incorporated Plan under the provisions of clause 43.01 Heritage Overlay, Planning permit exemptions, July 2014",No,No,No,No,No,No,,No,No,HO523,HO523
HO524,"Swan Street West Precinct   Incorporated plan: Incorporated Plan under the provisions of clause 43.01 Heritage Overlay, Planning permit exemptions, July 2014",No,No,No,No,No,No,,No,No,HO524,HO524
