Overlay,HeritagePlace,PaintControls,InternalControls,TreeControls,FenceControls,IncludedInVHR,Prohibited,AboriginalHeritagePlace,VHR
HO1,"b'40 ABBOTSFORD STREETABBOTSFORDTimber CottageIncorporated plan:Incorporated Plan under the provisionsof clause 43.01 Heritage Overlay,Planning permit exemptions, July 2014'",b'Yes',b'No',No,No,No,No,No,
HO2,"b'42 ABBOTSFORD STREETABBOTSFORDGothick HouseIncorporated plan:Incorporated Plan under the provisionsof clause 43.01 Heritage Overlay,Planning permit exemptions, July 2014'",b'Yes',b'No',No,No,No,No,No,
HO3,b'2-4 BOND STREET ABBOTSFORDFormer Grosvenor Common School',b'-',b'-',-,-,Yes,No,No,H654
HO4,"b'31-35 CHURCH STREETABBOTSFORDTerraceIncorporated plan:Incorporated Plan under the provisionsof clause 43.01 Heritage Overlay,Planning permit exemptions, July 2014'",b'Yes',b'No',No,No,No,No,No,
HO5,"b'67 CHURCH STREET ABBOTSFORDRiver HouseIncorporated plan:Incorporated Plan under the provisionsof clause 43.01 Heritage Overlay,Planning permit exemptions, July 2014'",b'Yes',b'No',No,No,No,No,No,
HO6,"b'13 CLARKE STREET ABBOTSFORDHouseIncorporated plan:Incorporated Plan under the provisionsof clause 43.01 Heritage Overlay,Planning permit exemptions, July 2014'",b'Yes',b'No',No,No,No,No,No,
HO7,"b'29 CLARKE STREET ABBOTSFORDYarradale FlatsIncorporated plan:Incorporated Plan under the provisionsof clause 43.01 Heritage Overlay,Planning permit exemptions, July 2014'",b'Yes',b'No',No,Yes,No,No,No,
HO8,"b'31-37 CLARKE STREETABBOTSFORDTerraceIncorporated plan:Incorporated Plan under the provisionsof clause 43.01 Heritage Overlay,Planning permit exemptions, July 2014'",b'Yes',b'No',No,Yes,No,No,No,
HO9,b'CLARKE STREET / ST HELIERSSTREET ABBOTSFORDFormer Convent of the Good Shepherd',b'-',b'-',-,-,Yes,No,No,H951
HO9,"b'CLARKE STREET / ST HELIERSSTREET ABBOTSFORDFormer Convent of the Good Shepherdcomplex, including surrounding landuses and associated treesIncorporated plan:Incorporated Plan under the provisionsof clause 43.01 Heritage Overlay,Planning permit exemptions, July 2014'",b'Yes',b'No',Yes,No,No,No,No,
HO10,"b'CNR HENRY GIPPS STREETABBOTSFORDCollingwood United Masonic TempleIncorporated plan:Incorporated Plan under the provisionsof clause 43.01 Heritage Overlay,Planning permit exemptions, July 2014'",b'Yes',b'No',No,No,No,No,No,
HO11,"b'2 GREENWOOD STREETABBOTSFORDFormer StablesIncorporated plan:Incorporated Plan under the provisionsof clause 43.01 Heritage Overlay,Planning permit exemptions, July 2014'",b'Yes',b'No',No,Yes,No,No,No,
HO12,"b'GROSVENOR STREETABBOTSFORDFormer Phoenix Biscuit Co. complexIncorporated plan:Incorporated Plan under the provisionsof clause 43.01 Heritage Overlay,Planning permit exemptions, July 2014'",b'Yes',b'No',No,No,No,No,No,
HO13,"b'13 GROSVENOR STREETABBOTSFORDHouseIncorporated plan:Incorporated Plan under the provisionsof clause 43.01 Heritage Overlay,Planning permit exemptions, July 2014'",b'Yes',b'No',No,No,No,No,No,
HO14,"b'19 GROSVENOR STREETABBOTSFORDHouseIncorporated plan:Incorporated Plan under the provisionsof clause 43.01 Heritage Overlay,Planning permit exemptions, July 2014'",b'Yes',b'No',No,No,No,No,No,
HO15,"b'2 HODDLE STREET ABBOTSFORDFormer Robert Reid Clothing FactoryIncorporated plan:Incorporated Plan under the provisionsof clause 43.01 Heritage Overlay,Planning permit exemptions, July 2014'",b'Yes',b'No',No,No,No,No,No,
HO16,"b'48 HODDLE STREET ABBOTSFORDYorkshire Stingo HotelIncorporated plan:Incorporated Plan under the provisionsof clause 43.01 Heritage Overlay,Planning permit exemptions, July 2014'",b'Yes',b'No',No,No,No,No,No,
HO17,b'140 HODDLE STREETABBOTSFORDCollingwood Town Hall',b'-',b'-',-,-,Yes,Yes,No,H140
HO18,"b'198-210 HODDLE STREETABBOTSFORDFormer Whybrow\xe2\x80\x99s Shoe FactoryIncorporated plan:Incorporated Plan under the provisionsof clause 43.01 Heritage Overlay,Planning permit exemptions, July 2014'",b'Yes',b'No',No,No,No,No,No,
HO19,"b'324-326 HODDLE STREETABBOTSFORDFormer Trescowthick\xe2\x80\x99s Boot FactoryIncorporated plan:Incorporated Plan under the provisionsof clause 43.01 Heritage Overlay,Planning permit exemptions, July 2014'",b'Yes',b'No',No,No,No,No,No,
HO20,"b'265 JOHNSTON STREETHouseIncorporated plan:Incorporated Plan under the provisionsof clause 43.01 Heritage Overlay,Planning permit exemptions, July 2014'",b'Yes',b'No',No,No,No,No,No,
HO21,"b'295 JOHNSTON STREETABBOTSFORDYarra HotelIncorporated plan:Incorporated Plan under the provisionsof clause 43.01 Heritage Overlay,Planning permit exemptions, July 2014'",b'Yes',b'No',No,No,No,No,No,
HO22,"b'395 JOHNSTON STREETABBOTSFORDHouseIncorporated plan:Incorporated Plan under the provisionsof clause 43.01 Heritage Overlay,Planning permit exemptions, July 2014'",b'Yes',b'No',No,Yes,No,No,No,
HO23,"b'397 JOHNSTON STREETABBOTSFORDHouseIncorporated plan:Incorporated Plan under the provisionsof clause 43.01 Heritage Overlay,Planning permit exemptions, July 2014'",b'Yes',b'No',No,Yes,No,No,No,
HO24,"b'202 LANGRIDGE STREETABBOTSFORDFormer William Shoe FactoryIncorporated plan:Incorporated Plan under the provisionsof clause 43.01 Heritage Overlay,Planning permit exemptions, July 2014'",b'Yes',b'No',No,No,No,No,No,
HO25,"b'211 LANGRIDGE STREETABBOTSFORDFormer ShopIncorporated plan:Incorporated Plan under the provisionsof clause 43.01 Heritage Overlay,Planning permit exemptions, July 2014'",b'Yes',b'No',No,No,No,No,No,
HO26,"b'213 LANGRIDGE STREETABBOTSFORDFormer ShopIncorporated plan:Incorporated Plan under the provisionsof clause 43.01 Heritage Overlay,Planning permit exemptions, July 2014'",b'Yes',b'No',No,Yes,No,No,No,
HO27,"b'233 LANGRIDGE STREETABBOTSFORDHouseIncorporated plan:Incorporated Plan under the provisionsof clause 43.01 Heritage Overlay,Planning permit exemptions, July 2014'",b'Yes',b'No',No,No,No,No,No,
HO28,"b'LITHGOW STREET ABBOTSFORDAbbotsford Primary School Incorporated plan:Incorporated Plan under the provisionsof clause 43.01 Heritage Overlay,Planning permit exemptions, July 2014'",b'Yes',b'No',No,No,No,No,No,
HO29,b'34 LULIE STREET ABBOTSFORDDorothy Terrace',b'-',b'',-, ,, ,-,
HO30,b'36 LULIE STREET ABBOTSFORDDorothy Terrace',b'-',b'',-, ,, ,--,
HO31,b'38 LULIE STREET ABBOTSFORDDorothy Terrace',b'-',b'',-, ,, ,-,
HO32,b'40 LULIE STREET ABBOTSFORDDorothy Terrace',b'-',b'',-, ,, ,-,
HO33,b'42 LULIE STREET ABBOTSFORDDorothy Terrace',b'-',b'',-, ,, ,-,
HO34,b'44 LULIE STREET ABBOTSFORDDorothy Terrace',b'-',b'',-, ,, ,-,
HO35,b'46 LULIE STREET ABBOTSFORDDorothy Terrace',b'-',b'',-, ,, ,-,
HO36,b'48 LULIE STREET ABBOTSFORDDorothy Terrace',b'-',b'',-, ,, ,-,
HO37,"b'24 MAYFIELD STREETABBOTSFORDHouseIncorporated plan: Incorporated Plan under the provisionsof clause 43.01 Heritage Overlay,Planning permit exemptions, July 2014'",b'No',b'',No, ,No, ,Yes,
HO38,b'39 NICHOLSON STREETABBOTSFORDResidence',b'-',b'',-, ,, ,-,
HO39,b'41 NICHOLSON STREETABBOTSFORDResidence',b'-',b'',-, ,, ,-,
HO40,b'48 -60 NICHOLSON STREETABBOTSFORDFormer Denton Hat Mills',b'-',b'',-, ,, ,-,
HO41,"b'1 PARK STREET ABBOTSFORDHouseIncorporated plan:Incorporated Plan under the provisionsof clause 43.01 Heritage Overlay,Planning permit exemptions, July 2014'",b'Yes',b'',No, ,No, ,No,
HO42,"b'11 PARK STREET ABBOTSFORDGlandmire HouseIncorporated plan:Incorporated Plan under the provisionsof clause 43.01 Heritage Overlay,Planning permit exemptions, July 2014'",b'Yes',b'',No, ,No, ,No,
HO43,"b'22 PARK STREET ABBOTSFORDHouseIncorporated plan:Incorporated Plan under the provisionsof clause 43.01 Heritage Overlay,Planning permit exemptions, July 2014'",b'Yes',b'',No, ,No, ,No,
HO44,"b'23 PATERSON STREETABBOTSFORDHouseIncorporated plan:Incorporated Plan under the provisionsof clause 43.01 Heritage Overlay,Planning permit exemptions, July 2014'",b'Yes',b'No',No,Yes,No,No,No,
HO45,"b'1 RAPHAEL STREET ABBOTSFORDHouseIncorporated plan:Incorporated Plan under the provisionsof clause 43.01 Heritage Overlay,Planning permit exemptions, July 2014'",b'Yes',b'No',No,No,No,No,No,
HO46,"b'4 SOUTHAMPTON CRESCENTABBOTSFORDFormer Kodak FactoryIncorporated plan: Incorporated Plan under the provisionsof clause 43.01 Heritage Overlay,Planning permit exemptions, July 2014'",b'Yes',b'No',No,No,No,No,No,
HO47,b'11 STANTON STREETABBOTSFORDFormer Church of Christ',b'-',b'',-, ,, ,-,
HO48,b'Yarra River OFF TRENERRYCRESCENT ABBOTSFORDDights Mill Site',b'-',b'',-, ,, ,-,
HO49,"b'29 VALIANT STREET ABBOTSFORDHouseIncorporated plan:Incorporated Plan under the provisionsof clause 43.01 Heritage Overlay,Planning permit exemptions, July 2014'",b'Yes',b'',No, ,No, ,No,
HO50,"b'6 VICTORIA CRESCENTABBOTSFORDHouseIncorporated plan:Incorporated Plan under the provisionsof clause 43.01 Heritage Overlay,Planning permit exemptions, July 2014'",b'Yes',b'',No, ,No, ,Yes,
HO51,"b'18 VICTORIA CRESCENTABBOTSFORDFormer Hatchers LaundryIncorporated plan:Incorporated Plan under the provisionsof clause 43.01 Heritage Overlay,Planning permit exemptions, July 2014'",b'Yes',b'',No, ,No, ,No,
HO52,"b'57-63 VICTORIA CRESCENTABBOTSFORDFormer Tweedside MillsIncorporated plan:Incorporated Plan under the provisionsof clause 43.01 Heritage Overlay,Planning permit exemptions, July 2014'",b'Yes',b'No',No,No,No,No,No,
HO53,"b'231 VICTORIA STREETABBOTSFORDFormer State Savings BankIncorporated plan:Incorporated Plan under the provisionsof clause 43.01 Heritage Overlay,Planning permit exemptions, July 2014'",b'Yes',b'No',No,No,No,No,No,
HO54,"b'261 VICTORIA STREETABBOTSFORDFormer National BankIncorporated plan:Incorporated Plan under the provisionsof clause 43.01 Heritage Overlay,Planning permit exemptions, July 2014'",b'Yes',b'No',No,No,No,No,No,
HO55,"b'275-277 VICTORIA STREETABBOTSFORDShopsIncorporated plan:Incorporated Plan under the provisionsof clause 43.01 Heritage Overlay,Planning permit exemptions, July 2014'",b'Yes',b'No',No,No,No,No,No,
HO56,"b'295 VICTORIA STREETABBOTSFORDShopIncorporated plan:Incorporated Plan under the provisionsof clause 43.01 Heritage Overlay,Planning permit exemptions, July 2014'",b'Yes',b'No',No,No,No,No,No,
HO57,"b'297-301 VICTORIA STREETABBOTSFORDShopsIncorporated plan:Incorporated Plan under the provisionsof clause 43.01 Heritage Overlay,Planning permit exemptions, July 2014'",b'Yes',b'No',No,No,No,No,No,
HO58,"b'371-377 VICTORIA STREETABBOTSFORDShopsIncorporated plan:Incorporated Plan under the provisionsof clause 43.01 Heritage Overlay,Planning permit exemptions, July 2014'",b'Yes',b'No',No,No,No,No,No,
HO59,"b'385 VICTORIA STREETABBOTSFORDFormer East Collingwood HotelIncorporated plan:Incorporated Plan under the provisionsof clause 43.01 Heritage Overlay,Planning permit exemptions, July 2014'",b'Yes',b'No',No,No,No,No,No,
HO60,"b'459-465 VICTORIA STREETABBOTSFORDShopsIncorporated plan:Incorporated Plan under the provisionsof clause 43.01 Heritage Overlay,Planning permit exemptions, July 2014'",b'Yes',b'No',No,No,No,No,No,
HO61,"b'511 VICTORIA STREETABBOTSFORDShopIncorporated plan:Incorporated Plan under the provisionsof clause 43.01 Heritage Overlay,Planning permit exemptions, July 2014'",b'Yes',b'No',No,No,No,No,No,
HO62,"b'605 VICTORIA STREETABBOTSFORDFormer Brickmakers Arms Hotel(Terminus Hotel)Incorporated plan:Incorporated Plan under the provisionsof clause 43.01 Heritage Overlay,Planning permit exemptions, July 2014'",b'Yes',b'No',No,No,No,No,No,
HO63,"b'651-653 VICTORIA STREETABBOTSFORDFormer Crusader Plate BuildingIncorporated plan:Incorporated Plan under the provisionsof clause 43.01 Heritage Overlay,Planning permit exemptions, July 2014'",b'Yes',b'No',No,No,No,No,No,
HO64,"b'655 VICTORIA STREETABBOTSFORDFormer Handley & Tilley BuildingIncorporated plan:Incorporated Plan under the provisionsof clause 43.01 Heritage Overlay,Planning permit exemptions, July 2014'",b'Yes',b'No',No,No,No,No,No,
HO65,"b'663 VICTORIA STREETABBOTSFORDFormer Alma Woolworks ComplexIncorporated plan:Incorporated Plan under the provisionsof clause 43.01 Heritage Overlay,Planning permit exemptions, July 2014'",b'Yes',b'No',No,No,No,No,No,
HO66,"b'1 CHANDLER HIGHWAYALPHINGTONAratapuIncorporated plan:Incorporated Plan under the provisionsof clause 43.01 Heritage Overlay,Planning permit exemptions, July 2014'",b'Yes',b'No',No,No,No,No,No,
HO67,b'Yarra River CHANDLER HIGHWAYALPHINGTONChandler Highway Bridge',b'-',b'-',-,-,Yes,No,No,H2354
HO68,"b'17 COMO STREET ALPHINGTONBalcluthaIncorporated plan:Incorporated Plan under the provisionsof clause 43.01 Heritage Overlay,Planning permit exemptions, July 2014'",b'Yes',b'No',No,No,No,No,No,
HO69,"b'20 COMO STREET ALPHINGTONTraquairIncorporated plan:Incorporated Plan under the provisionsof clause 43.01 Heritage Overlay,Planning permit exemptions, July 2014'",b'Yes',b'No',No,No,No,No,No,
HO70,"b'626 HEIDELBERG ROADALPHINGTONAustralian Paper MillsIncorporated plan:Incorporated Plan under the provisionsof clause 43.01 Heritage Overlay,Planning permit exemptions, July 2014'",b'Yes',b'No',No,No,No,No,No,
HO71,"b'756-758 HEIDELBERG ROADALPHINGTONShopsIncorporated plan:Incorporated Plan under the provisionsof clause 43.01 Heritage Overlay,Planning permit exemptions, July 2014'",b'Yes',b'No',No,No,No,No,No,
HO72,"b'838-852 HEIDELBERG ROADALPHINGTONTower HotelIncorporated plan:Incorporated Plan under the provisionsof clause 43.01 Heritage Overlay,Planning permit exemptions, July 2014'",b'Yes',b'No',No,No,No,No,No,
HO73,"b'53 LUCERNE CRESCENTALPHINGTONHouseIncorporated plan:Incorporated Plan under the provisionsof clause 43.01 Heritage Overlay,Planning permit exemptions, July 2014'",b'Yes',b'No',Yes,Yes,No,No,No,
HO74,"b'54 LUCERNE CRESCENTALPHINGTONHouseIncorporated plan:Incorporated Plan under the provisionsof clause 43.01 Heritage Overlay,Planning permit exemptions, July 2014'",b'Yes',b'No',No,No,No,No,No,
HO75,"b'65 LUCERNE CRESCENTALPHINGTONHouseIncorporated plan:Incorporated Plan under the provisionsof clause 43.01 Heritage Overlay,Planning permit exemptions, July 2014'",b'Yes',b'No',No,No,No,No,No,
HO76,"b'75 LUCERNE CRESCENTALPHINGTONHouseIncorporated plan:Incorporated Plan under the provisionsof clause 43.01 Heritage Overlay,Planning permit exemptions, July 2014'",b'Yes',b'No',No,No,No,No,No,
HO77,"b'93 LUCERNE CRESCENTALPHINGTONHouseIncorporated plan:Incorporated Plan under the provisionsof clause 43.01 Heritage Overlay,Planning permit exemptions, July 2014'",b'Yes',b'No',No,No,No,No,No,
HO78,"b'18 OLD HEIDELBERG ROADALPHINGTONHouseIncorporated plan:Incorporated Plan under the provisionsof clause 43.01 Heritage Overlay,Planning permit exemptions, July 2014'",b'Yes',b'No',No,No,No,No,No,
HO79,"b'Darebin Creek OLD HEIDELBERGROAD ALPHINGTONFootbridgeIncorporated plan:Incorporated Plan under the provisionsof clause 43.01 Heritage Overlay,Planning permit exemptions, July 2014'",b'Yes',b'No',No,No,No,No,No,
HO80,"b'5-7 REX AVENUE ALPHINGTONAlamedaIncorporated plan:Incorporated Plan under the provisionsof clause 43.01 Heritage Overlay,Planning permit exemptions, July 2014'",b'Yes',b'No',No,No,No,No,No,
HO81,"b'3 ROEMER CRESCENTALPHINGTONRosemountIncorporated plan:Incorporated Plan under the provisionsof clause 43.01 Heritage Overlay,Planning permit exemptions, July 2014'",b'Yes',b'No',No,No,No,No,No,
HO82,"b'1 TOWER AVENUE ALPHINGTONEdgebastonIncorporated plan:Incorporated Plan under the provisionsof clause 43.01 Heritage Overlay,Planning permit exemptions, July 2014'",b'Yes',b'No',No,No,No,No,No,
HO83,"b'1 VIEW STREET ALPHINGTONBokharaIncorporated plan:Incorporated Plan under the provisionsof clause 43.01 Heritage Overlay,Planning permit exemptions, July 2014'",b'Yes',b'Yes',No,No,No,No,No,
HO84,"b'31 YARRAFORD AVENUEALPHINGTONHouseIncorporated plan:Incorporated Plan under the provisionsof clause 43.01 Heritage Overlay,Planning permit exemptions, July 2014'",b'Yes',b'No',No,No,No,No,No,
HO85,b'94 ALEXANDRA PARADE CLIFTONHILLShot Tower',b'-',b'-',-,-,Yes,Yes,No,H709
HO86,b'183-185 GOLD STREET CLIFTONHILLGold Street Primary School No. 1360',b'-',b'-',-,-,Yes,No,No,H1621
HO87,"b'19-27 GRANT STREET CLIFTONHILLFormer Clifton Sawmills and BoxFactory ChimneyIncorporated plan:Incorporated Plan under the provisionsof clause 43.01 Heritage Overlay,Planning permit exemptions, July 2014'",b'Yes',b'No',No,No,No,No,No,
HO88,"b'47-55 GRANT STREET CLIFTONHILLHousesIncorporated plan:Incorporated Plan under the provisionsof clause 43.01 Heritage Overlay,Planning permit exemptions, July 2014'",b'Yes',b'No',No,No,No,No,No,
HO89,"b'457 HODDLE STREET CLIFTON HILLFormer Murray & Co Wool WorksIncorporated plan:Incorporated Plan under the provisionsof clause 43.01 Heritage Overlay,Planning permit exemptions, July 2014'",b'Yes',b'No',No,No,No,No,No,
HO90,b'1 HEIDELBERG ROAD CLIFTON HILLClifton Hill Railway Station Complex',b'-',b'-',-,-,Yes,Yes,No,H1668
HO91,"b'19-31 JOHN STREET CLIFTON HILLRailway TerraceIncorporated plan: Incorporated Plan under the provisionsof clause 43.01 Heritage Overlay,Planning permit exemptions, July 2014'",b'Yes',b'No',No,No,No,No,No,
HO92,b'199 QUEENS PARADE CLIFTONHILLFormer United Kingdom Hotel (nowMcDonald\xe2\x80\x99s)',b'-',b'',-, ,, ,-,
HO93,"b'QUEENS PARADE, BETWEENALEXANDRA PARADE & DELBRIDGESTREET CLIFTON HILL/ NORTHFITZROYStreet TreesIncorporated plan:Incorporated Plan under the provisionsof clause 43.01 Heritage Overlay,Planning permit exemptions, July 2014'",b'No',b'',No, ,Yes, ,No,
HO94,"b'BETWEEN NORTH TERRACE ANDSOUTH TERRACE CLIFTON HILLDarling GardensIncorporated plan:Incorporated Plan under the provisionsof clause 43.01 Heritage Overlay,Planning permit exemptions, July 2014'",b'No',b'',No, ,Yes, ,No,
HO95,"b'15-17 BEDFORD STREETCOLLINGWOODFormer Boot FactoryIncorporated plan:Incorporated Plan under the provisionsof clause 43.01 Heritage Overlay,Planning permit exemptions, July 2014'",b'Yes',b'',No, ,No, ,No,
HO96,"b'33-47 BEDFORD STREETCOLLINGWOODPurfleet CottagesIncorporated plan:Incorporated Plan under the provisionsof clause 43.01 Heritage Overlay,Planning permit exemptions, July 2014'",b'Yes',b'No',No,No,No,No,No,
HO97,"b'66 CROMWELL STREETCOLLINGWOODCromwell HeightsIncorporated plan:Incorporated Plan under the provisionsof clause 43.01 Heritage Overlay,Planning permit exemptions, July 2014'",b'Yes',b'No',No,No,No,No,No,
HO98,"b'1 DERBY STREET COLLINGWOODDerby HouseIncorporated plan:Incorporated Plan under the provisionsof clause 43.01 Heritage Overlay,Planning permit exemptions, July 2014'",b'Yes',b'No',No,No,No,No,No,
HO99,"b'2 DERBY STREET COLLINGWOODHouseIncorporated plan:Incorporated Plan under the provisionsof clause 43.01 Heritage Overlay,Planning permit exemptions, July 2014'",b'Yes',b'No',No,No,No,No,No,
HO100,"b'3-7 DERBY STREET COLLINGWOODTerraceIncorporated plan:Incorporated Plan under the provisionsof clause 43.01 Heritage Overlay,Planning permit exemptions, July 2014'",b'Yes',b'No',No,Yes,No,No,No,
HO101,"b'8 DERBY STREET COLLINGWOODHouseIncorporated plan:Incorporated Plan under the provisionsof clause 43.01 Heritage Overlay,Planning permit exemptions, July 2014'",b'Yes',b'No',No,No,No,No,No,
HO102,"b'10-16 DERBY STREETCOLLINGWOODTerraceIncorporated plan:Incorporated Plan under the provisionsof clause 43.01 Heritage Overlay,Planning permit exemptions, July 2014'",b'Yes',b'No',No,No,No,No,No,
HO103,"b'51-55 GIPPS STREETCOLLINGWOODGlasshouse HotelIncorporated plan:Incorporated Plan under the provisionsof clause 43.01 Heritage Overlay,Planning permit exemptions, July 2014'",b'Yes',b'No',No,No,No,No,No,
HO104,"b'31 HARMSWORTH STREETCOLLINGWOODFormer Children\xe2\x80\x99s ChurchIncorporated plan:Incorporated Plan under the provisionsof clause 43.01 Heritage Overlay,Planning permit exemptions, July 2014'",b'Yes',b'No',No,No,No,No,No,
HO105,"b'16 ISLINGTON STREETCOLLINGWOODFormer Smalley & Harkness BootFactoryIncorporated plan:Incorporated Plan under theprovisions of clause 43.01 HeritageOverlay, Planning permitexemptions, July 2014'",b'Yes',b'No',No,No,No,No,No,
HO106,"b'61 ISLINGTON STREETCOLLINGWOODJames Hood & Co. MalthouseIncorporated plan:Incorporated Plan under the provisionsof clause 43.01 Heritage Overlay,Planning permit exemptions, July 2014'",b'Yes',b'No',No,No,No,No,No,
HO107,b'8 -10 JOHNSTON STREETCOLLINGWOODBelmont',b'-',b'-',-,-,Yes,Yes,No,H871
HO108,"b'51 KEELE STREET COLLINGWOODFormer Friendly Societies HotelIncorporated plan:Incorporated Plan under the provisionsof clause 43.01 Heritage Overlay,Planning permit exemptions, July 2014'",b'Yes',b'No',No,No,No,No,No,
HO109,"b'55 LANGRIDGE STREETCOLLINGWOODFormer William Peatt Boot FactoryIncorporated plan:Incorporated Plan under the provisionsof clause 43.01 Heritage Overlay,Planning permit exemptions, July 2014'",b'Yes',b'No',No,No,No,No,No,
HO110,"b'143 -145 LANGRIDGE STREETCOLLINGWOODTerraceIncorporated plan:Incorporated Plan under the provisionsof clause 43.01 Heritage Overlay,Planning permit exemptions, July 2014'",b'Yes',b'No',No,Yes,No,No,No,
HO111,"b'147-149 LANGRIDGE STREETCOLLINGWOODTerraceIncorporated plan:Incorporated Plan under the provisionsof clause 43.01 Heritage Overlay,Planning permit exemptions, July 2014'",b'Yes',b'No',No,Yes,No,No,No,
HO112,"b'151-153 LANGRIDGE STREETCOLLINGWOODTerraceIncorporated plan:Incorporated Plan under the provisionsof clause 43.01 Heritage Overlay,Planning permit exemptions, July 2014'",b'Yes',b'No',No,No,No,No,No,
HO113,"b'160-176 LANGRIDGE STREETCOLLINGWOODTerraceIncorporated plan:Incorporated Plan under the provisionsof clause 43.01 Heritage Overlay,Planning permit exemptions, July 2014'",b'Yes',b'No',No,Yes,No,No,No,
HO114,"b'COLLINGWOOD COLLEGE, CNRMCCUTCHEON WAY ANDCROMWELL STREETCOLLINGWOODDoll\xe2\x80\x99s House'",b'-',b'-',-,-,Yes,Yes,No,H954
HO115,"b'12 NAPOLEON STREETCOLLINGWOODHousesIncorporated plan:Incorporated Plan under the provisionsof clause 43.01 Heritage Overlay,Planning permit exemptions, July 2014'",b'Yes',b'No',No,Yes,No,No,No,
HO116,"b'NORTHUMBERLAND STREETCOLLINGWOODFormer Victoria Old DistilleryIncorporated plan:Incorporated Plan under the provisionsof clause 43.01 Heritage Overlay,Planning permit exemptions, July 2014'",b'Yes',b'No',No,No,No,No,No,
HO117,"b'46 OTTER STREET COLLINGWOODSt Joseph\xe2\x80\x99s PresbyteryIncorporated plan:Incorporated Plan under the provisionsof clause 43.01 Heritage Overlay,Planning permit exemptions, July 2014'",b'Yes',b'No',No,Yes,No,No,No,
HO118,"b'46 OTTER STREET COLLINGWOODSt Joseph\xe2\x80\x99s Roman Catholic ChurchIncorporated plan:Incorporated Plan under the provisionsof clause 43.01 Heritage Overlay,Planning permit exemptions, July 2014'",b'Yes',b'No',No,Yes,No,No,No,
HO119,"b'46 OTTER STREET COLLINGWOODSt Joseph\xe2\x80\x99s SchoolIncorporated plan:Incorporated Plan under the provisionsof clause 43.01 Heritage Overlay,Planning permit exemptions, July 2014'",b'Yes',b'No',No,Yes,No,No,No,
HO120,"b'46 OTTER STREET COLLINGWOODSt Joseph\xe2\x80\x99s Church HallIncorporated plan:Incorporated Plan under the provisionsof clause 43.01 Heritage Overlay,Planning permit exemptions, July 2014'",b'Yes',b'No',No,Yes,No,No,No,
HO121,"b'37 OXFORD STREETCOLLINGWOODHouseIncorporated plan:Incorporated Plan under the provisionsof clause 43.01 Heritage Overlay,Planning permit exemptions, July 2014'",b'Yes',b'No',No,No,No,No,No,
HO122,"b'39 -41 OXFORD STREETCOLLINGWOODHousesIncorporated plan:Incorporated Plan under the provisionsof clause 43.01 Heritage Overlay,Planning permit exemptions, July 2014'",b'Yes',b'No',No,Yes,No,No,No,
HO123,"b'50-52 OXFORD STREETCOLLINGWOODTerraceIncorporated plan:Incorporated Plan under the provisionsof clause 43.01 Heritage Overlay,Planning permit exemptions, July 2014'",b'Yes',b'No',No,No,No,No,No,
HO124,"b'51-55 OXFORD STREETCOLLINGWOODTerraceIncorporated plan:Incorporated Plan under the provisionsof clause 43.01 Heritage Overlay,Planning permit exemptions, July 2014'",b'Yes',b'No',No,No,No,No,No,
HO125,"b'57-63 OXFORD STREETCOLLINGWOODTerracesIncorporated plan:Incorporated Plan under the provisionsof clause 43.01 Heritage Overlay,Planning permit exemptions, July 2014'",b'Yes',b'No',No,No,No,No,No,
HO126,"b'58-62 OXFORD STREETCOLLINGWOODTerraceIncorporated plan:Incorporated Plan under the provisionsof clause 43.01 Heritage Overlay,Planning permit exemptions, July 2014'",b'Yes',b'No',No,Yes,No,No,No,
HO127,b'79-93 OXFORD STREETCOLLINGWOODPart of former Foy & Gibson Complex (Furnishings Warehouse and ClothingFactory)',b'-',b'-',-,-,Yes,No,No,H896
HO128,b'95-101 OXFORD STREETCOLLINGWOODPart of former Foy & GibsonComplex(Powerhouse and Motor Garage)',b'-',b'',-, ,, ,-,
HO129,b'68-158 OXFORD STREET103-115 OXFORD STREET158-172 OXFORD STREET107-131 CAMBRIDGE STREETAND 7 STANLEY STREETCOLLINGWOODPart of former Foy & Gibson Complex',b'-',b'',-, ,, ,-,
HO130,"b'92-94 PERRY STREETCOLLINGWOODTerraceIncorporated plan:Incorporated Plan under the provisionsof clause 43.01 Heritage Overlay,Planning permit exemptions, July 2014'",b'Yes',b'',No, ,No, ,No,
HO131,"b'112A ROKEBY STREETCOLLINGWOODFormer United Tannery and BootFactoryIncorporated plan:Incorporated Plan under the provisionsof clause 43.01 Heritage Overlay,Planning permit exemptions, July 2014'",b'Yes',b'',No, ,No, ,No,
HO132,"b'89 RUPERT STREETCOLLINGWOODFormer Davis\xe2\x80\x99 Pickle And SauceFactoryIncorporated plan:Incorporated Plan under the provisionsof clause 43.01 Heritage Overlay,Planning permit exemptions, July 2014'",b'Yes',b'No',No,No,No,No,No,
HO133,"b'25 -27 SACKVILLE STREETCOLLINGWOODFormer Methodist Mission ChurchIncorporated plan:Incorporated Plan under the provisionsof clause 43.01 Heritage Overlay,Planning permit exemptions, July 2014'",b'Yes',b'No',No,Yes,No,No,No,
HO134,b'136 SACKVILLE STREETCOLLINGWOODSingapore Cottage',b'-',b'-',-,-,Yes,Yes,No,H610
HO135,b'114 SMITH STREET COLLINGWOODGrace Darling Hotel',b'-',b'-',-,-,Yes,No,No,H660
HO136,b'174-180 SMITH STREETCOLLINGWOODFormer Collingwood Post Office',b'-',b'-',-,-,Yes,No,No,H973
HO137,"b'2 STANLEY STREETCOLLINGWOODHouseIncorporated plan:Incorporated Plan under the provisionsof clause 43.01 Heritage Overlay,Planning permit exemptions, July 2014'",b'Yes',b'No',No,Yes,No,No,No,
HO138,"b'135 -141 VICTORIA PARADECOLLINGWOODPrince Patrick Hotel and ShopsIncorporated plan:Incorporated Plan under the provisionsof clause 43.01 Heritage Overlay,Planning permit exemptions, July 2014'",b'Yes',b'No',No,No,No,No,No,
HO139,"b'159 VICTORIA PARADECOLLINGWOODFormer Ebenezer Particular BaptistChurchIncorporated plan:Incorporated Plan under the provisionsof clause 43.01 Heritage Overlay,Planning permit exemptions, July 2014'",b'Yes',b'No',No,No,No,No,No,
HO140,"b'59 WELLINGTON STREETCOLLINGWOOD The Vine HotelIncorporated plan:Incorporated Plan under the provisionsof clause 43.01 Heritage Overlay,Planning permit exemptions, July 2014'",b'Yes',b'No',No,No,No,No,No,
HO141,b'1-21 ROBERT STREET & 88WELLINGTON STREETCOLLINGWOODFormer Yorkshire Brewery',b'-',b'',-, ,, ,-,
HO142,"b'125 WELLINGTON STREETCOLLINGWOODSir Robert Peel HotelIncorporated plan:Incorporated Plan under the provisionsof clause 43.01 Heritage Overlay,Planning permit exemptions, July 2014'",b'Yes',b'',No, ,No, ,No,
HO143,b'162 WELLINGTON STREETCOLLINGWOODFormer Free Medical MissionDispensary (Singleton Medical Centre)',b'-',b'',-, ,, ,-,
HO144,"b'215 WELLINGTON STREETCOLLINGWOODFormer St.George\xe2\x80\x99s PresbyterianChurchIncorporated plan:Incorporated Plan under theprovisions of clause 43.01 HeritageOverlay, Planning permitexemptions, July 2014'",b'Yes',b'',No, ,No, ,No,
HO145,"b'259 WELLINGTON STREETCOLLINGWOODPortsea HouseIncorporated plan:Incorporated Plan under theprovisions of clause 43.01 HeritageOverlay, Planning permitexemptions, July 2014'",b'Yes',b'No',No,No,No,No,No,
HO146,"b'FAIRFIELD PARK DRIVE FAIRFIELDFairfield BoathouseIncorporated plan:Incorporated Plan under theprovisions of clause 43.01 HeritageOverlay, Planning permitexemptions, July 2014'",b'Yes',b'No',No,No,No,No,No,
HO147,"b'FAIRFIELD PARK DRIVE FAIRFIELDFairfield ParkIncorporated plan: Incorporated Plan under the provisionsof clause 43.01 Heritage Overlay,Planning permit exemptions, July 2014'",b'No',b'No',Yes,No,No,No,No,
HO148,b'17 BELL STREET FITZROYFormer Exhibition High SchoolResidence',b'-',b'',-, ,, ,-,
HO149,b'40-48 BELL STREET FITZROYFormer National School',b'-',b'',-, ,, ,-,
HO150,b'9 BRUNSWICK STREET FITZROYDodgshun House',b'-',b'',-, ,, ,-,
HO151,b'11 BRUNSWICK STREET FITZROYResidence',b'-',b'',-, ,, ,-,
HO152,b'13 BRUNSWICK STREET FITZROYShop and residence',b'-',b'',-, ,, ,-,
HO153,"b'25 -37 BRUNSWICK STREETFITZROYBarcelona Terrace GardensIncorporated plan:Incorporated Plan under the provisionsof clause 43.01 Heritage Overlay,Planning permit exemptions, July 2014'",b'No',b'',No, ,Yes, ,No,
HO154,b'39-49 BRUNSWICK STREETFITZROYRoyal Terrace',b'-',b'',-, ,, ,-,
HO155,b'236-252 BRUNSWICK STREET AND33-62 GREEVES STREET FITZROYShops',b'-',b'',-, ,, ,-,
HO156,b'34-38 FITZROY STREET FITZROYFormer Devonshire Arms Hotel',b'-',b'',-, ,, ,-,
HO157,"b'GEORGE STREET FITZROYState School No. 450Incorporated plan:Incorporated Plan under the provisionsof clause 43.01 Heritage Overlay,Planning permit exemptions, July 2014'",b'Yes',b'',No, ,No, ,No,
HO158,b'268 GEORGE STREET FITZROYSt Mark\xe2\x80\x99s Anglican Church',b'-',b'',-, ,, ,-,
HO159,b'64-78 GERTRUDE STREET FITZROYGlass Terrace',b'-',b'',-, ,, ,-,
HO160,b'181-183 GERTRUDE STREET AND89 GEORGE STREET FITZROYShops',b'-',b'',-, ,, ,-,
HO161,b'209 GORE STREET FITZROYCobden Terrace',b'-',b'',-, ,, ,-,
HO162,b'211 GORE STREET FITZROYCobden Terrace',b'-',b'',-, ,, ,-,
HO163,b'213 GORE STREET FITZROYCobden Terrace',b'-',b'',-, ,, ,-,
HO164,b'215 GORE STREET FITZROYCobden Terrace',b'-',b'',-, ,, ,-,
HO165,b'217 GORE STREET FITZROYCobden Terrace',b'-',b'',-, ,, ,-,
HO166,b'219 GORE STREET FITZROYCobden Terrace',b'-',b'',-, ,, ,-,
HO167,b'221 GORE STREET FITZROYCobden Terrace',b'-',b'',-, ,, ,-,
HO168,b'331 GORE STREET FITZROYHolyrood Terrace',b'-',b'',-, ,, ,-,
HO169,b'333 GORE STREET FITZROYHolyrood Terrace',b'-',b'',-, ,, ,-,
HO170,b'335 GORE STREET FITZROYHolyrood Terrace',b'-',b'',-, ,, ,-,
HO171,b'35-39 HANOVER STREET FITZROYEdward Wills House (Residence)',b'-',b'',-, ,, ,-,
HO172,b'36 NAPIER STREET FITZROYFalconer Terrace',b'-',b'',-, ,, ,-,
HO173,b'38 NAPIER STREET FITZROYFalconer Terrace',b'-',b'',-, ,, ,-,
HO174,b'40 NAPIER STREET FITZROYFalconer Terrace',b'-',b'',-, ,, ,-,
HO175,b'42 NAPIER STREET FITZROY Falconer Terrace',b'-',b'',-, ,, ,-,
HO176,b'44 NAPIER STREET FITZROYFalconer Terrace',b'-',b'',-, ,, ,-,
HO177,b'46 NAPIER STREET FITZROYFalconer Terrace',b'-',b'',-, ,, ,-,
HO178,b'48 NAPIER STREET FITZROYFalconer Terrace',b'-',b'',-, ,, ,-,
HO179,b'50 NAPIER STREET FITZROYFalconer Terrace',b'-',b'',-, ,, ,-,
HO180,b'201 NAPIER STREET FITZROYFitzroy Town Hall',b'-',b'',-, ,, ,-,
HO181,b'46-48 NICHOLSON STREETCORNER GERTRUDE STREETFITZROYFormer Cable Tram Engine House',b'-',b'',-, ,, ,-,
HO182,b'40 NICHOLSON STREET FITZROYOsborne House',b'-',b'',-, ,, ,-,
HO183,b'50-68 NICHOLSON STREETFITZROYRoyal Terrace',b'-',b'',-, ,, ,-,
HO184,b'88 NICHOLSON STREET FITZROYConvent of Mercy and Academy ofMary Immaculate',b'-',b'',-, ,, ,-,
HO185,b'98 NICHOLSON STREET AND 14HANOVER STREET FITZROY Cairo Flats',b'-',b'',-, ,, ,-,
HO186,b'122 NICHOLSON STREET FITZROYResidence',b'-',b'',-, ,, ,-,
HO187,b'165-167 SMITH STREET FITZROYFormer Union Bank of Australia',b'-',b'',-, ,, ,-,
HO188,"b'VICTORIA PARADE FITZROYStreet TreesIncorporated plan:Incorporated Plan under the provisionsof clause 43.01 Heritage Overlay,Planning permit exemptions, July 2014'",b'No',b'',No, ,Yes, ,No,
HO189,b'VICTORIA PARADE FITZROY/COLLINGWOODOrnamental Tramway Overhead Poles',b'-',b'',-, ,, ,-,
HO190,b'77 VICTORIA PARADE FITZROYFormer Eastern Hill Hotel',b'-',b'',-, ,, ,-,
HO191,b'169 VICTORIA PARADE FITZROYBlanche Terrace',b'-',b'',-, ,, ,-,
HO192,b'171 VICTORIA PARADE FITZROYBlanche Terrace',b'-',b'',-, ,, ,-,
HO193,b'173 VICTORIA PARADE FITZROYBlanche Terrace',b'-',b'',-, ,, ,-,
HO194,b'175 VICTORIA PARADE FITZROYBlanche Terrace',b'-',b'',-, ,, ,-,
HO195,b'177 VICTORIA PARADE FITZROYBlanche Terrace',b'-',b'',-, ,, ,-,
HO196,b'179 VICTORIA PARADE FITZROYBlanche Terrace',b'-',b'',-, ,, ,-,
HO197,b'203 VICTORIA PARADE FITZROYTerrace',b'-',b'',-, ,, ,-,
HO198,b'557-567 DRUMMOND STREETNORTH CARLTONCambridge Terrace',b'-',b'',-, ,, ,-,
HO199,b'60 LEE STREET NORTH CARLTONLee Street Primary School No.1252',b'-',b'',-, ,, ,-,
HO200,b'100 PATERSON STREET PRINCESHILLTerrace',b'-',b'',-, ,, ,-,
HO201,b'102 PATERSON STREET PRINCESHILLTerrace',b'-',b'',-, ,, ,-,
HO202,b'104 PATERSON STREET PRINCESHILLTerrace',b'-',b'',-, ,, ,-,
HO203,b'106 PATERSON STREET PRINCESHILLTerrace',b'-',b'',-, ,, ,-,
HO204,b'108 PATERSON STREET PRINCESHILL Terrace',b'-',b'',-, ,, ,-,
HO205,b'110 PATERSON STREET PRINCESHILLTerrace',b'-',b'',-, ,, ,-,
HO206,b'112 PATERSON STREET PRINCESHILLTerrace',b'-',b'',-, ,, ,-,
HO207,b'114 PATERSON STREET PRINCESHILLTerrace',b'-',b'',-, ,, ,-,
HO208,b'116 PATERSON STREET PRINCESHILLTerrace',b'-',b'',-, ,, ,-,
HO209,b'118 PATERSON STREET PRINCESHILLTerrace',b'-',b'',-, ,, ,-,
HO210,b'1021-1029 RATHDOWNE STREET &440 PARK STREET NORTHCARLTONFormer Cable Tram Engine House',b'-',b'',-, ,, ,-,
HO211,"b'Cnr George Street ALEXANDRAPARADE NORTH FITZROYFormer Fitzroy Gas Works ValveHouse and StoreIncorporated plan:Incorporated Plan under the provisionsof clause 43.01 Heritage Overlay,Planning permit exemptions, July 2014'",b'Yes',b'',No, ,No, ,No,
HO212,"b'Cnr Fergie Street ALFREDCRESCENT NORTH FITZROYState School No. 1490Incorporated plan:Incorporated Plan under the provisionsof clause 43.01 Heritage Overlay,Planning permit exemptions, July 2014'",b'Yes',b'No',No,No,No,No,No,
HO213,"b'BRUNSWICK STREET AND ALFREDCRESCENT NORTH FITZROYEdinburgh GardensIncorporated plan:Incorporated Plan under the provisionsof clause 43.01 Heritage Overlay,Planning permit exemptions, July 2014'",b'No',b'No',Yes,No,No,No,No,
HO214,b'863 BRUNSWICK STREET NORTHFITZROYFormer North Fitzroy Electric RailwaySubstation',b'-',b'-',-,-,Yes,No,No,H939
HO215,b'Cnr Freeman Street BRUNSWICKSTREET NORTH FITZROYFitzroy Cricket Ground Grandstand',b'-',b'-',-,-,Yes,Yes,No,H751
HO216,b'96 MCKEAN STREET NORTHFITZROY Haselmere (Residence)',b'-',b'-',-,-,Yes,No,No,H163
HO217,b'10 CHURCH STREET NORTHFITZROYFormer Methodist Church (UnitingChurch)',b'-',b'',-, ,, ,-,
HO218,"b""20 RUSHALL CRESCENT NORTHFITZROYOld Colonists' Homes includeslandscaping""",b'-',b'',-, ,, ,-,
HO219,b'131 ST GEORGES ROAD NORTHFITZROYYork House',b'-',b'',-, ,, ,-,
HO220,b'251 ST GEORGES ROAD NORTHFITZROYFormer North Fitzroy Post Office',b'-',b'',-, ,, ,-,
HO221,b'370-374 QUEENS PARADE NORTHFITZROYANZ Bank',b'-',b'',-, ,, ,-,
HO222,"b'14 ABINGER STREET RICHMONDRichmond Creche and Day NurseryIncorporated plan:Incorporated Plan under the provisionsof clause 43.01 Heritage Overlay,Planning permit exemptions, July 2014'",b'Yes',b'',No, ,No, ,No,
HO223,"b'6 BAKER STREET RICHMOND HouseIncorporated plan:Incorporated Plan under the provisionsof clause 43.01 Heritage Overlay,Planning permit exemptions, July 2014'",b'Yes',b'',No, ,No, ,Yes,
HO224,b'22-50 BENDIGO STREET RICHMONDFormer Wertheim Piano Factory (GTV9Studios)',b'-',b'',-, ,, ,-,
HO225,"b'19 BENDIGO STREET RICHMONDHouseIncorporated plan:Incorporated Plan under the provisionsof clause 43.01 Heritage Overlay,Planning permit exemptions, July 2014'",b'Yes',b'',No, ,No, ,Yes,
HO226,b'18 BERRY STREET RICHMONDHouse',b'-',b'',-, ,, ,-,
HO227,"b'6 BOSISTO STREET RICHMONDHouseIncorporated plan:Incorporated Plan under the provisionsof clause 43.01 Heritage Overlay,Planning permit exemptions, July 2014'",b'Yes',b'',No, ,No, ,No,
HO228,"b'649 BRIDGE ROAD RICHMONDFormer Cable Tram Depot Incorporated plan:Incorporated Plan under the provisionsof clause 43.01 Heritage Overlay,Planning permit exemptions, July 2014'",b'Yes',b'',No, ,No, ,No,
HO229,b'Yarra River BRIDGE ROADRICHMONDHawthorn Bridge',b'-',b'',-, ,, ,-,
HO230,"b'333 BRIDGE ROAD RICHMONDRichmond Police StationIncorporated plan:Incorporated Plan under the provisionsof clause 43.01 Heritage Overlay,Planning permit exemptions, July 2014'",b'Yes',b'',No, ,No, ,No,
HO231,"b'30 BRIGHTON STREET RICHMONDHouseIncorporated plan:Incorporated Plan under the provisionsof clause 43.01 Heritage Overlay,Planning permit exemptions, July 2014'",b'Yes',b'',No, ,No, ,No,
HO232,"b'164-166 BRIGHTON STREETRICHMONDMaroura & KoreinIncorporated plan:Incorporated Plan under the provisionsof clause 43.01 Heritage Overlay,Planning permit exemptions, July 2014'",b'Yes',b'',No, ,No, ,Yes,
HO233,"b'90 BURNLEY STREET RICHMONDCongregational ChurchIncorporated plan:Incorporated Plan under the provisionsof clause 43.01 Heritage Overlay,Planning permit exemptions, July 2014'",b'Yes',b'No',No,No,No,No,No,
HO234,"b'144 BURNLEY STREET RICHMONDEnfieldIncorporated plan:Incorporated Plan under the provisionsof clause 43.01 Heritage Overlay,Planning permit exemptions, July 2014'",b'Yes',b'No',No,Yes,No,No,No,
HO235,"b'271-273 BURNLEY STREETRICHMONDBurnley Uniting (Presbyterian) ChurchIncorporated plan:Incorporated Plan under the provisionsof clause 43.01 Heritage Overlay,Planning permit exemptions, July 2014'",b'Yes',b'No',No,No,No,No,No,
HO236,"b'290-300 BURNLEY STREETRICHMONDSt Bartholemew\xe2\x80\x99s Church ComplexIncorporated plan:Incorporated Plan under the provisionsof clause 43.01 Heritage Overlay,Planning permit exemptions, July 2014'",b'Yes',b'No',No,No,No,No,No,
HO237,"b'336 BURNLEY STREET RICHMONDHouseIncorporated plan:Incorporated Plan under the provisionsof clause 43.01 Heritage Overlay,Planning permit exemptions, July 2014'",b'Yes',b'No',No,No,No,No,No,
HO239,b'Yarra River CHURCH STREETRICHMOND AND CREMORNEChurch Street Bridge',b'-',b'-',-,-,Yes,No,No,H1917
HO240,b'560 CHURCH STREET CREMORNEFormer Bryant and May IndustrialComplex',b'-',b'-',-,-,Yes,No,No,H626
HO241,b'293 CHURCH STREET RICHMONDFormer Lalor House',b'-',b'-',-,-,Yes,No,No,H211
HO242,b'350-362 CHURCH STREETRICHMONDSt Stephen\xe2\x80\x99s Anglican ChurchThe heritage place includesVicarage',b'-',b'-',-,-,Yes,Yes,No,H586
HO243,b'13 COPPIN STREET RICHMOND',"b'Yes House Incorporated plan: Incorporated Plan under the provisions of clause 43.01 Heritage Overlay, Planning permit exemptions, July 201479 COPPIN STREET RICHMOND Former Griffiths Boot Factory Incorporated plan: Incorporated Plan under the provisions of clause 43.01 Heritage Overlay, Planning permit exemptions, July 2014234 COPPIN STREET RICHMOND House Incorporated plan: Incorporated Plan under the provisions of clause 43.01 Heritage Overlay, Planning permit exemptions, July 2014'",b'No  YesYes',No,No,No,No,No,
HO246,"b'HO246   Yes--  es Ref No H1634oIncorporated plan:Incorporated Plan under the provisionsof clause 43.01 Heritage Overlay,Planning permit exemptions, July 2014'",b'No',b'55-67 CREMORNE STREET   No', ,-,,-,-,
HO248,"b'9-15 CROWN STREET RICHMONDQueens TerraceIncorporated plan:Incorporated Plan under the provisionsof clause 43.01 Heritage Overlay,Planning permit exemptions, July 2014'",b'Yes',b'No',No,Yes,No,No,No,
HO249,"b'16-18 CUBITT STREET RICHMONDTerraceIncorporated plan:Incorporated Plan under the provisionsof clause 43.01 Heritage Overlay,Planning permit exemptions, July 2014'",b'Yes',b'No',No,No,No,No,No,
HO250,"b'9-11 DAVID STREET RICHMONDFormer Builders Steel Form Supply Co.Incorporated plan:Incorporated Plan under the provisionsof clause 43.01 Heritage Overlay,Planning permit exemptions, July 2014'",b'Yes',b'No',No,No,No,No,No,
HO251,b'138-160 BUCKINGHAM STREETRICHMONDPrimary School No. 2798',b'-',b'',-, ,, ,-,
HO252,"b'26 DOONSIDE STREET RICHMONDFormer Repco OfficesIncorporated plan:Incorporated Plan under the provisionsof clause 43.01 Heritage Overlay,Planning permit exemptions, July 2014'",b'Yes',b'',No, ,No, ,No,
HO253,"b'30-38 DOVER STREET RICHMONDHurst TerraceIncorporated plan:Incorporated Plan under the provisionsof clause 43.01 Heritage Overlay,Planning permit exemptions, July 2014'",b'Yes',b'',No, ,No, ,No,
HO343,"b'105-115 DOVER STREETRICHMONDSlade Knitwear SignIncorporated plan:Incorporated Plan under the provisionsof clause 43.01 Heritage Overlay,Planning permit exemptions, July 2014'",b'No',b'',No, ,No, ,No,
HO254,"b'19 DUKE STREET RICHMONDFormer Council StablesIncorporated plan:Incorporated Plan under the provisionsof clause 43.01 Heritage Overlay,Planning permit exemptions, July 2014'",b'Yes',b'',No, ,No, ,No,
HO256,"b'1 EGAN STREET RICHMONDPerseveranceIncorporated plan:Incorporated Plan under the provisionsof clause 43.01 Heritage Overlay,Planning permit exemptions, July 2014'",b'Yes',b'No',No,No,No,No,No,
HO257,b'29 ERIN STREET RICHMONDElim',b'-',b'-',-,-,Yes,No,No,H651
HO258,b'24-28 GIPPS STREET RICHMONDFormer Richmond Rifles VolunteerOrderly Room',b'-',b'-',-,-,Yes,No,No,H1362
HO259,b'21-31 GOODWOOD STREETRICHMONDPelaco Sign',b'-',b'-',-,-,Yes,No,No,H1149
HO260,b'7 GLEADELL STREET RICHMONDFormer Gas Inspector\xe2\x80\x99s Residence',b'-',b'-',-,-,Yes,Yes,No,H1610
HO261,"b'3 GLEADELL STREET RICHMONDRichmond BathsIncorporated plan:Incorporated Plan under the provisionsof clause 43.01 Heritage Overlay,Planning permit exemptions, July 2014'",b'Yes',b'No',No,No,No,No,No,
HO262,"b'Yarra River GRANGE ROADRICHMONDMacRobertson BridgeIncorporated plan:Incorporated Plan under the provisionsof clause 43.01 Heritage Overlay,Planning permit exemptions, July 2014'",b'Yes',b'No',No,No,No,No,No,
HO340,"b'148 HIGHETT STREET RICHMONDHouseIncorporated plan:Incorporated Plan under the provisionsof clause 43.01 Heritage Overlay,Planning permit exemptions, July 2014'",b'Yes',b'No',No,No,No,No,No,
HO341,"b'150 HIGHETT STREET RICHMONDHouseIncorporated plan:Incorporated Plan under the provisionsof clause 43.01 Heritage Overlay,Planning permit exemptions, July 2014'",b'Yes',b'No',No,No,No,No,No,
HO263,"b'261 HIGHETT STREET RICHMONDHouseIncorporated plan:Incorporated Plan under the provisionsof clause 43.01 Heritage Overlay,Planning permit exemptions, July 2014'",b'Yes',b'No',No,No,No,No,No,
HO264,"b'263 HIGHETT STREET RICHMONDHouseIncorporated plan:Incorporated Plan under the provisionsof clause 43.01 Heritage Overlay,Planning permit exemptions, July 2014'",b'Yes',b'No',No,No,No,No,No,
HO265,"b'345 HIGHETT STREET RICHMONDHouseIncorporated plan:Incorporated Plan under the provisionsof clause 43.01 Heritage Overlay,Planning permit exemptions, July 2014'",b'Yes',b'No',No,No,No,No,No,
HO266,"b'117 HODDLE STREET RICHMONDHouseIncorporated plan:Incorporated Plan under the provisionsof clause 43.01 Heritage Overlay,Planning permit exemptions, July 2014'",b'Yes',b'No',No,Yes,No,No,No,
HO267,b'171 HODDLE STREET RICHMONDUrbrae',b'-',b'',-, ,, ,-,
HO268,"b'3 HULL STREET RICHMONDRoeberry HouseIncorporated plan:Incorporated Plan under the provisionsof clause 43.01 Heritage Overlay,Planning permit exemptions, July 2014'",b'Yes',b'',No, ,No, ,No,
HO269,"b'4 -6 HUNTER STREET RICHMONDTerraceIncorporated plan:Incorporated Plan under the provisionsof clause 43.01 Heritage Overlay,Planning permit exemptions, July 2014'",b'Yes',b'',No, ,No, ,No,
HO270,"b'72 KENT STREET RICHMONDHouseIncorporated plan:Incorporated Plan under the provisionsof clause 43.01 Heritage Overlay,Planning permit exemptions, July 2014'",b'Yes',b'',No, ,No, ,No,
HO271,"b'86 KENT STREET RICHMONDHouseIncorporated plan:Incorporated Plan under the provisionsof clause 43.01 Heritage Overlay,Planning permit exemptions, July 2014'",b'Yes',b'',No, ,No, ,No,
HO272,"b'175 KENT STREETHouseIncorporated plan:Incorporated Plan under the provisionsof clause 43.01 Heritage Overlay,Planning permit exemptions, July 2014'",b'Yes',b'No',No,Yes,No,No,No,
HO273,b'36 LESNEY STREET RICHMONDResidence',b'-',b'-',-,-,Yes,No,No,H711
HO274,"b'131 LORD STREET RICHMONDFormer Fire StationIncorporated plan:Incorporated Plan under the provisionsof clause 43.01 Heritage Overlay,Planning permit exemptions, July 2014'",b'Yes',b'No',No,No,No,No,No,
HO275,"b'41 MADDEN GROVE RICHMONDWarehouseIncorporated plan:Incorporated Plan under the provisionsof clause 43.01 Heritage Overlay,Planning permit exemptions, July 2014'",b'Yes',b'No',No,No,No,No,No,
HO276,"b'347 MARY STREET RICHMONDRichmond Terminal StationIncorporated plan:Incorporated Plan under the provisionsof clause 43.01 Heritage Overlay,Planning permit exemptions, July 2014'",b'Yes',b'No',No,No,No,No,No,
HO278,"b'19 MURPHY STREET RICHMONDKilmarnockIncorporated plan:Incorporated Plan under the provisionsof clause 43.01 Heritage Overlay,Planning permit exemptions, July 2014'",b'Yes',b'No',No,No,No,No,No,
HO279,b'658 CHURCH STREET CREMORNEFormer Richmond Power Station',b'-',b'-',-,-,Yes,No,No,H1055
HO280,"b'419-421 PUNT ROAD RICHMONDHousesIncorporated plan:Incorporated Plan under the provisionsof clause 43.01 Heritage Overlay,Planning permit exemptions, July 2014'",b'Yes',b'No',No,No,No,No,No,
HO281,"b'Yarra River PUNT ROAD RICHMONDHoddle BridgeIncorporated plan:Incorporated Plan under the provisionsof clause 43.01 Heritage Overlay,Planning permit exemptions, July 2014'",b'Yes',b'No',No,No,No,No,No,
HO282,"b'RIVER STREET (CNR MURPHY ST)RICHMONDFormer J Kennon & Sons Wool StoreIncorporated plan:Incorporated Plan under the provisionsof clause 43.01 Heritage Overlay,Planning permit exemptions, July 2014'",b'Yes',b'No',No,No,No,No,No,
HO283,"b'rear 179 SOMERSET STREETRICHMONDSt James Roman Catholic ChurchIncorporated plan:Incorporated Plan under the provisionsof clause 43.01 Heritage Overlay,Planning permit exemptions, July 2014'",b'Yes',b'No',No,No,No,No,No,
HO284,"b'2 STAWELL STREET RICHMONDFincham Organ FactoryIncorporated plan:Incorporated Plan under the provisionsof clause 43.01 Heritage Overlay,Planning permit exemptions, July 2014'",b'Yes',b'No',No,No,No,No,No,
HO285,"b'291 SWAN STREET RICHMONDFormer Central Club HotelIncorporated plan:Incorporated Plan under the provisionsof clause 43.01 Heritage Overlay,Planning permit exemptions, July 2014'",b'Yes',b'No',No,No,No,No,No,
HO286,"b'365 SWAN STREET RICHMONDFormer Burnley TheatreIncorporated plan:Incorporated Plan under the provisionsof clause 43.01 Heritage Overlay,Planning permit exemptions, July 2014'",b'Yes',b'No',No,No,No,No,No,
HO287,b'Yarra River SWAN STREETRICHMONDWallen Road Bridge',b'-',b'-',-,-,Yes,No,No,H380
HO288,b'216 SWAN STREET CREMORNEFormer State Bank',b'-',b'-',-,-,Yes,No,No,H732
HO289,"b'316 VICTORIA STREET RICHMONDHouseIncorporated plan:Incorporated Plan under the provisionsof clause 43.01 Heritage Overlay,Planning permit exemptions, July 2014'",b'Yes',b'No',No,Yes,No,No,No,
HO290,"b'318-326 VICTORIA STREETRICHMONDByrne\xe2\x80\x99s Arcade TerraceIncorporated plan:Incorporated Plan under the provisionsof clause 43.01 Heritage Overlay,Planning permit exemptions, July 2014'",b'Yes',b'No',No,Yes,No,No,No,
HO291,"b'488-496 VICTORIA STREETRICHMONDFormer Simpson\xe2\x80\x99s Glove FactoryIncorporated plan:Incorporated Plan under the provisionsof clause 43.01 Heritage Overlay,Planning permit exemptions, July 2014'",b'Yes',b'No',No,No,No,No,No,
HO292,b'Yarra River VICTORIA STREETRICHMONDVictoria Bridge',b'-',b'-',-,-,Yes,No,No,H374
HO293,"b'5 WELLINGTON STREET RICHMONDFormer Freemason\xe2\x80\x99s TavernIncorporated plan:Incorporated Plan under the provisionsof clause 43.01 Heritage Overlay,Planning permit exemptions, July 2014'",b'Yes',b'No',No,No,No,No,No,
HO294,"b'15 WELLINGTON STREETRICHMONDHouseIncorporated plan:Incorporated Plan under the provisionsof clause 43.01 Heritage Overlay,Planning permit exemptions, July 2014'",b'Yes',b'No',No,No,No,No,No,
HO295,"b'67 WELLINGTON STREETRICHMONDFormer Sutherland\xe2\x80\x99s DistilleryIncorporated plan:Incorporated Plan under the provisionsof clause 43.01 Heritage Overlay,Planning permit exemptions, July 2014'",b'Yes',b'No',No,Yes,No,No,No,
HO296,"b'79-93 & 80-94 WELLINGTON STREETRICHMONDWarrick Terrace and Leicester TerraceIncorporated plan:Incorporated Plan under the provisionsof clause 43.01 Heritage Overlay,Planning permit exemptions, July 2014'",b'Yes',b'No',No,No,No,No,No,
HO297,"b'Yarra River YARRA BOULEVARDRICHMONDHawthorn Railway BridgeIncorporated plan:Incorporated Plan under the provisionsof clause 43.01 Heritage Overlay,Planning permit exemptions, July 2014'",b'Yes',b'No',No,No,No,No,No,
HO298,"b'BURNLEY PARKLANDS RICHMONDCorroboree TreeIncorporated plan:Incorporated Plan under the provisionsof clause 43.01 Heritage Overlay,Planning permit exemptions, July 2014'",b'No',b'No',Yes,No,No,No,Yes,
HO299,"b'THE BOULEVARD RICHMONDThe Boulevard Parklands, TheBoulevard, RichmondIncorporated plan:Incorporated Plan under the provisionsof clause 43.01 Heritage Overlay,Planning permit exemptions, July 2014'",b'No',b'No',Yes,No,No,No,No,
HO300,"b'YARRA BEND PARK YARRA BENDBluestone quarryIncorporated plan:Incorporated Plan under the provisionsof clause 43.01 Heritage Overlay,Planning permit exemptions, July 2014'",b'No',b'No',No,No,No,No,No,
HO301,"b'YARRA BEND ROAD FAIRFIELDFairlea Womens Prison, Yarra BendAsylum (includes Asylum Gate Pillar,Remnant Trees)'",b'-',b'-',-,-,Yes,No,No,H1552
HO302,"b'YARRA BEND PARK YARRA BEND Deep Rock Swimming Club, includesfoundation stone and pioneer memorialstonesIncorporated plan:Incorporated Plan under the provisionsof clause 43.01 Heritage Overlay,Planning permit exemptions, July 2014'",b'Yes',b'No',No,No,No,No,No,
HO303,"b'101 YARRA BEND ROAD, FAIRFIELDFairfield Hospital (former)'",b'-',b'',-, ,, ,-,
HO304,"b'YARRA BEND ROAD YARRA BENDYarra Bend Golf Club HouseIncorporated plan:Incorporated Plan under the provisionsof clause 43.01 Heritage Overlay,Planning permit exemptions, July 2014'",b'Yes',b'',No, ,No, ,No,
HO305,"b'Yarra River YARRA BEND ROADYARRA BENDKane\xe2\x80\x99s BridgeIncorporated plan:Incorporated Plan under the provisionsof clause 43.01 Heritage Overlay,Planning permit exemptions, July 2014'",b'Yes',b'',No, ,No, ,No,
HO306,b'500 AND 500A YARRA BOULEVARDBURNLEYBurnley Gardens',b'-',b'',-, ,, ,-,
HO307,"b'Yarra River YARRA BEND PARKYARRA BENDYarra River Protectorate Station siteIncorporated plan:Incorporated Plan under the provisionsof clause 43.01 Heritage Overlay,Planning permit exemptions, July 2014'",b'No',b'No',No,No,No,No,Yes,
HO308,"b'Barkly Gardens Precinct, RichmondIncorporated plan:Incorporated Plan under the provisionsof clause 43.01 Heritage Overlay,Planning permit exemptions, July 2014'",b'No',b'No',No,No,No,No,No,
HO309,"b'Bendigo Street Precinct, RichmondIncorporated plan:Incorporated Plan under the provisionsof clause 43.01 Heritage Overlay,Planning permit exemptions, July 2014'",b'No',b'No',No,No,No,No,No,
HO310,"b'Bridge Road Precinct, RichmondIncorporated plan:Incorporated Plan under the provisionsof clause 43.01 Heritage Overlay,Planning permit exemptions, July 2014'",b'Yes',b'No',No,No,No,No,No,
HO311,"b'Brunswick Street Precinct, FitzroyIncorporated plan:Incorporated Plan under the provisionsof clause 43.01 Heritage Overlay,Planning permit exemptions, July 2014'",b'Yes',b'No',No,No,No,No,No,
HO312,"b'Campbell Street Precinct, CollingwoodIncorporated plan:Incorporated Plan under the provisionsof clause 43.01 Heritage Overlay,Planning permit exemptions, July 2014'",b'No',b'No',No,No,No,No,No,
HO313,"b'Charles Street Precinct, AbbotsfordIncorporated plan:Incorporated Plan under the provisionsof clause 43.01 Heritage Overlay,Planning permit exemptions, July 2014'",b'No',b'No',No,No,No,No,No,
HO314,"b'Yarra Falls Precinct AbbotsfordIncorporated plan:Incorporated Plan under the provisionsof clause 43.01 Heritage Overlay,Planning permit exemptions, July 2014'",b'No',b'No',No,No,No,No,No,
HO315,"b'Church Street Precinct, RichmondIncorporated plan:Incorporated Plan under the provisionsof clause 43.01 Heritage Overlay,Planning permit exemptions, July 2014'",b'Yes',b'No',No,No,No,No,No,
HO316,"b'Clifton Hill Eastern PrecinctIncorporated plan:Incorporated Plan under the provisionsof clause 43.01 Heritage Overlay,Planning permit exemptions, July 2014'",b'No',b'No',No,No,No,No,No,
HO317,"b'Clifton Hill Western PrecinctIncorporated plan:Incorporated Plan under the provisionsof clause 43.01 Heritage Overlay,Planning permit exemptions, July 2014'",b'No',b'No',No,No,No,No,No,
HO318,"b'Collingwood Slope PrecinctIncorporated plan:Incorporated Plan under the provisionsof clause 43.01 Heritage Overlay,Planning permit exemptions, July 2014'",b'No',b'No',No,No,No,No,No,
HO319,"b'Elm Grove Precinct, RichmondIncorporated plan:Incorporated Plan under the provisionsof clause 43.01 Heritage Overlay,Planning permit exemptions, July 2014'",b'No',b'No',No,No,No,No,No,
HO320,"b'Fairchild Street Precinct, AbbotsfordIncorporated plan:Incorporated Plan under the provisionsof clause 43.01 Heritage Overlay,Planning permit exemptions, July 2014'",b'No',b'No',No,No,No,No,No,
HO321,"b'Gold Street Precinct, CollingwoodIncorporated plan:Incorporated Plan under the provisionsof clause 43.01 Heritage Overlay,Planning permit exemptions, July 2014'",b'No',b'No',No,No,No,No,No,
HO322,"b'Golden Square Precinct, RichmondIncorporated plan:Incorporated Plan under the provisionsof clause 43.01 Heritage Overlay,Planning permit exemptions, July 2014'",b'No',b'No',No,No,No,No,No,
HO323,"b'Green Street Precinct, RichmondIncorporated plan:Incorporated Plan under the provisionsof clause 43.01 Heritage Overlay,Planning permit exemptions, July 2014'",b'No',b'No',No,No,No,No,No,
HO324,"b'Johnston Street Precinct, CollingwoodIncorporated plan:Incorporated Plan under the provisionsof clause 43.01 Heritage Overlay,Planning permit exemptions, July 2014'",b'Yes',b'No',No,No,No,No,No,
HO325,"b'Kennedy Street Precinct, RichmondIncorporated plan:Incorporated Plan under the provisionsof clause 43.01 Heritage Overlay,Planning permit exemptions, July 2014'",b'Yes',b'No',No,No,No,No,No,
HO326,"b'North Carlton PrecinctIncorporated plan:Incorporated Plan under the provisionsof clause 43.01 Heritage Overlay,Planning permit exemptions, July 2014'",b'No',b'No',No,No,No,No,No,
HO327,"b'North Fitzroy PrecinctIncorporated plan:Incorporated Plan under the provisionsof clause 43.01 Heritage Overlay,Planning permit exemptions, July 2014'",b'No',b'No',No,No,No,No,No,
HO328,"b'Park Crescent Precinct, AlphingtonIncorporated plan:Incorporated Plan under the provisionsof clause 43.01 Heritage Overlay,Planning permit exemptions, July 2014'",b'No',b'No',No,No,No,No,No,
HO329,"b'Princes Hill PrecinctIncorporated plan:Incorporated Plan under the provisionsof clause 43.01 Heritage Overlay,Planning permit exemptions, July 2014'",b'No',b'No',No,No,No,No,No,
HO330,"b'Queens Parade Precinct, NorthFitzroy/Clifton HillIncorporated plan:Incorporated Plan under the provisionsof clause 43.01 Heritage Overlay,Planning permit exemptions, July 2014'",b'Yes',b'No',No,No,No,No,No,
HO331,"b'Racecourse Precinct, RichmondIncorporated plan:Incorporated Plan under the provisionsof clause 43.01 Heritage Overlay,Planning permit exemptions, July 2014'",b'No',b'No',No,No,No,No,No,
HO332,"b'Richmond Hill PrecinctIncorporated plan:Incorporated Plan under the provisionsof clause 43.01 Heritage Overlay,Planning permit exemptions, July 2014'",b'No',b'No',No,No,No,No,No,
HO333,"b'Smith Street Precinct,Fitzroy/CollingwoodIncorporated plan:Incorporated Plan under the provisionsof clause 43.01 Heritage Overlay,Planning permit exemptions, July 2014'",b'Yes',b'No',No,No,No,No,No,
HO334,"b'South Fitzroy PrecinctIncorporated plan:Incorporated Plan under the provisionsof clause 43.01 Heritage Overlay,Planning permit exemptions, July 2014'",b'No',b'No',No,No,No,No,No,
HO335,"b'Swan Street Precinct, RichmondIncorporated plan:Incorporated Plan under the provisionsof clause 43.01 Heritage Overlay,Planning permit exemptions, July 2014'",b'Yes',b'No',No,No,No,No,No,
HO336,"b'Victoria Parade Precinct, CollingwoodIncorporated plan:Incorporated Plan under the provisionsof clause 43.01 Heritage Overlay,Planning permit exemptions, July 2014'",b'No',b'No',No,No,No,No,No,
HO337,"b'Victoria Park Precinct, AbbotsfordIncorporated plan:Incorporated Plan under the provisionsof clause 43.01 Heritage Overlay,Planning permit exemptions, July 2014'",b'No',b'No',No,No,No,No,No,
HO338,"b'West Richmond PrecinctIncorporated plan:Incorporated Plan under the provisionsof clause 43.01 Heritage Overlay,Planning permit exemptions, July 2014'",b'No',b'No',No,No,No,No,No,
HO339,"b'William Street Precinct, AbbotsfordIncorporated plan:Incorporated Plan under the provisionsof clause 43.01 Heritage Overlay,Planning permit exemptions, July 2014'",b'No',b'No',No,No,No,No,No,
HO342,"b'Cremorne PrecinctIncorporated plan:Incorporated Plan under the provisionsof clause 43.01 Heritage Overlay,Planning permit exemptions, July 2014'",b'No',b'No',No,No,No,No,No,
HO344,"b'Yarra Bend Road, FairfieldFairfield Hospital Grounds (former)Incorporated plan:Incorporated Plan under the provisionsof clause 43.01 Heritage Overlay,Planning permit exemptions, July 2014'",b'Yes',b'No',Yes,No,No,Yes,No,
HO345,"b'38-40 BRUNSWICK STREET,FITZROYFormer Melbourne Veterinary College'",b'-',b'',-, ,, ,-,
HO346,"b'18, 20A & 20B DARLINGTONPARADE, RICHMONDVaucluse College'",b'-',b'',-, ,, ,-,
HO347,b'20-22 BRUNSWICK STREETFITZROYCathedral Hall',b'-',b'',-, ,, ,-,
HO349,"b'Rosella Factory Complex, Buildings 1,2 (fa\xc3\xa7ade and 8 metres depth ofbuilding only), 6, 7, 12, 13, 15, and 18(fa\xc3\xa7ade and 7.5 metres depth ofbuilding only), with emphasis on fabricfrom the main Rosella complexdevelopment period (c1905- 1940).Incorporated plan:Incorporated Plan under theprovisions of clause 43.01 HeritageOverlay, Planning permitexemptions, July 2014'",b'Yes',b'',No, ,No, ,No,
HO350,b'2 GOUGH STREET CRMEORNENylex sign2 & 15 GOUGH STREET CREMORNESTREETRichmond Maltings',b'-',b'',-, ,, ,-,
HO351,"b'Former \xe2\x80\x9cSpicer Factory\xe2\x80\x9d, 163-167Noone Street, Clifton Hill (for a depth of14.5 metres from the frontfa\xc3\xa7ade/Noone Street title boundary).Incorporated plan:Incorporated Plan under theprovisions of clause 43.01 HeritageOverlay, Planning permitexemptions, July 2014'",b'No',b'No',No,No,No,No,No,
HO352,b'LULIE STREET ABBOTSFORDVictoria ParkThe heritage place includesgarden reserve',b'-',b'-',-,-,Yes,No,No,H75
HO353,b'651-653 VICTORIA STREETABBOTSFORDSkipping Girl Neon Sign',b'-',b'-',-,-,Yes,No,No,H2083
HO354,b'35 JOHNSTON STREETCOLLINGWOODKeith Haring Mural',b'-',b'-',-,-,Yes,No,No,H2055
HO355,"b'ALEXANDRA PARADE FITZROY\xe2\x80\x9cAqua Profonda\xe2\x80\x9d sign, Fitzroy Pool'",b'-',b'-',-,-,Yes,No,No,H1687
HO356,b'185-193 FITZROY STREET AND 12COWELL STREET FITZROYChristian Israelite Sanctuary',b'-',b'-',-,-,Yes,No,No,H97
HO357,b'90-92 SWAN STREET RICHMOND Former Richmond South Post Office',b'-',b'-',-,-,Yes,No, ,
HO358,b'95 KING WILLIAM STREET FITZROYAll Saints Church Hall',b'-',b'',-, ,, ,-,
HO359,b'326-348 CHURCH STREETRICHMONDSt Ignatius Church Complex',b'-',b'',-, ,, ,-,
HO360,b'140-160 SWAN STREET CREMORNEDimmeys',b'-',b'',-, ,, ,-,
HO361,"b'World Heritage Environs Area PrecinctIncorporated plan:Incorporated Plan under theprovisions of clause 43.01 HeritageOverlay, Planning permitexemptions, July 2014'",b'No',b'',No, ,No, ,No,
HO362,b'Alphington East Precinct',b'No',b'',No, ,No, ,No,
HO363,"b'Cole\xe2\x80\x99s Paddock Precinct, Richmond'",b'No',b'',No, ,No, ,No,
HO364,"b'Wellington Street Precinct, Cremorne'",b'No',b'',No, ,No, ,No,
HO365,"b""69 BALMAIN STREET CREMORNEGrocer's shop & residence""",b'No',b'',No, ,No, ,No,
HO366,b'75 BALMAIN STREET CREMORNEOlinda',b'No',b'',No, ,No, ,No,
HO367,b'80-82 BALMAIN STREETCREMORNEKlembro Pty Ltd factory',b'Yes',b'',No, ,No, ,No,
HO368,"b'10 PEARSON STREET CREMORNE& 11 CHAPEL STREET, CREMORNEHouse and stables'",b'No',b'No',No,No,No,No,No,
HO369,"b'2-6 APPLETON STREET RICHMOND,97-103 BURNLEY STREETRICHMOND'",b'No',b'No',No,No,No,No,No,
HO370,b'24 APPLETON STREET RICHMOND',b'No',b'No',No,No,No,No,No,
HO371,b'53-55 BAKER STREET RICHMOND',b'No',b'No',No,No,No,No,No,
HO372,b'25-31 BOSISTO STREET RICHMOND',b'No',b'No',No,No,No,No,No,
HO373,b'167 BRIGHTON STREET RICHMOND',b'No',b'No',No,No,No,No,No,
HO374,b'53 BURNLEY STREET RICHMONDFormer Loyal Studley Hotel',b'Yes',b'No',No,No,No,No,No,
HO375,b'81-95 BURNLEY STREETRICHMONDRussell Manufacturing Company PtyLtd later Repco',b'Yes',b'No',No,No,No,No,No,
HO376,"b'63-71 CHURCH STREET RICHMONDHouse, part shop & row house'",b'Yes',b'No',No,No,No,No,No,
HO377,b'115-117 CHURCH STREETRICHMONDFormer S. Andrewartha Showrooms(furniture)',b'Yes',b'No',No,No,No,No,No,
HO378,b'135 CHURCH STREET RICHMONDFormer Bristol Hotel',b'Yes',b'No',No,No,No,No,No,
HO379,"b""164 CHURCH STREET RICHMONDNaughten's Hotel, later Citizens ParkHotel and DT's""",b'Yes',b'No',No,No,No,No,No,
HO380,"b'178 CHURCH STREET RICHMONDJames Lentell building, laterconfectioner and bakery'",b'Yes',b'No',No,No,No,No,No,
HO381,"b""533-537 CHURCH STREETRICHMONDAlexander Miller's shops & residences""",b'Yes',b'No',No,No,No,No,No,
HO382,b'619 CHURCH STREET RICHMONDPrince Alfred Hotel',b'Yes',b'No',No,No,No,No,No,
HO383,b'93 ELIZABETH STREET RICHMONDKia Ora',b'No',b'No',No,No,No,No,No,
HO384,"b""102 ELIZABETH STREET RICHMONDGrocer's shop & residence""",b'Yes',b'No',No,No,No,No,No,
HO385,b'53 GARDNER STREET RICHMOND',b'No',b'No',No,No,No,No,No,
HO386,b'82 GARDNER STREET RICHMOND',b'No',b'No',No,No,No,No,No,
HO387,b'193-197 HIGHETT STREETRICHMOND',b'No',b'No',No,No,No,No,No,
HO388,b'247 HIGHETT STREET RICHMOND',b'No',b'No',No,No,No,No,No,
HO389,b'361 HIGHETT STREET RICHMONDMornington',b'No',b'No',No,No,No,No,No,
HO390,"b""27-29 HODDLE STREET RICHMONDWalters' house, warehouse and stablescomplex""",b'Yes',b'No',No,No,No,No,No,
HO391,b'129 HODDLE STREET RICHMONDFormer Relova Redressing Laundry',b'Yes',b'No',No,No,No,No,No,
HO392,b'139 HODDLE STREET RICHMOND',b'No',b'No',No,No,No,No,No,
HO393,b'9 HULL STREET RICHMOND',b'No',b'No',No,No,No,No,No,
HO394,b'35-37 KENT STREET RICHMONDRow houses',b'Yes',b'No',No,No,No,No,No,
HO395,"b'59 KENT STREET RICHMONDWilliam North house, later Navarre'",b'Yes',b'No',No,No,No,No,No,
HO396,b'64 LENNOX STREET RICHMONDAll Nations Hotel',b'Yes',b'No',No,No,No,No,No,
HO397,"b""66 LENNOX STREET RICHMONDMahony's shop and residence""",b'Yes',b'No',No,No,No,No,No,
HO398,b'28 MURPHY STREET RICHMOND',b'No',b'No',No,No,No,No,No,
HO399,b'2-4 REGENT STREET RICHMOND',b'No',b'No',No,No,No,No,No,
HO400,b'10-14 REGENT STREET RICHMOND',b'Yes',b'No',No,No,No,No,No,
HO401,"b'28-34 ROONEY STREET, 20-24ROSE STREET, RICHMOND & 27-57ROONEY STREET, RICHMONDRussell Brothers tannery, part'",b'Yes',b'No',No,No,No,No,No,
HO402,b'33 SMITH STREET RICHMOND',b'No',b'No',No,No,No,No,No,
HO403,b'150 SOMERSET STREETRICHMONDPortarlington Villa',b'No',b'No',No,No,No,No,No,
HO404,b'154 SOMERSET STREETRICHMONDFormer Richmond Metropolitan FireStation',b'Yes',b'No',No,No,No,No,No,
HO405,"b'60-62 SWAN STREET RICHMONDThe Greyhound Hotel, later DepotHotel, now Precinct Hotel'",b'Yes',b'No',No,No,No,No,No,
HO406,b'6 YARRA STREET RICHMOND',b'No',b'No',No,No,No,No,No,
HO407,"b'21-27 YORK STREET, UNITS 1-7 OF31 YORK STREET RICHMONDMarchants Aerated Waters andCordials Pty Ltd'",b'Yes',b'No',No,No,No,No,No,
HO408,b'Victoria Street Precinct',b'Yes',b'No',No,No,No,No,No,
HO409,"b'219-223 JOHNSTON STREET,ABBOTSFORD'",b'Yes',b'No',No,No,No,No,No,
HO410,"b'247-253 JOHNSTON STREET,ABBOTSFORDSt Crispin House'",b'Yes',b'No',No,No,No,No,No,
HO411,"b'258-260 JOHNSTON STREET,ABBOTSFORD'",b'Yes',b'No',No,No,No,No,No,
HO412,"b'300-302 JOHNSTON STREET,ABBOTSFORD'",b'Yes',b'No',No,No,No,No,No,
HO413,"b'323-325 JOHNSTON STREET,ABBOTSFORD'",b'Yes',b'No',No,No,No,No,No,
HO414,"b'407-409 AND 411 JOHNSTONSTREET, ABBOTSFORD'",b'Yes',b'No',No,No,No,No,No,
HO415,"b'1-17 STAFFORD STREET,ABBOTSFORDWhybrow\xe2\x80\x99s Boot Factory'",b'Yes',b'No',No,No,No,No,No,
HO416,"b'323-325 VICTORIA STREET,ABBOTSFORDQuint Caf\xc3\xa9 (former Duke of AlbanyHotel)'",b'Yes',b'No',No,No,No,No,No,
HO417,"b'63 CAMBRIDGE STREET(INCLUDING 44 OXFORD STREET),COLLINGWOODDyason & Co. Cordial Factory'",b'Yes',b'No',No,No,No,No,No,
HO418,"b'90-94 ROKEBY STREET,COLLINGWOODIdeal Box Co. factory'",b'Yes',b'No',No,No,No,No,No,
HO419,"b'49 VERE STREET, COLLINGWOODCollingwood College'",b'Yes',b'No',No,No,No,No,No,
HO420,"b'64 WELLINGTON STREET,COLLINGWOODWilliam Peatt boot factory'",b'Yes',b'No',No,No,No,No,No,
HO421,"b'224 HEIDELBERG ROAD, FAIRFIELDPorta factory'",b'Yes',b'No',No,No,No,No,No,
HO422,"b'4 HENRY STREET, FITZROY'",b'Yes',b'No',No,No,No,No,No,
HO423,"b'658 NICHOLSON STREET, NORTHFITZROY'",b'Yes',b'No',No,No,No,No,No,
HO424,"b'22 -28 ABINGER STREET; 37-45LYNDHURST STREET, RICHMONDFormer maltings complex'",b'Yes',b'No',No,No,No,No,No,
HO425,"b'15-21 BELL STREET, RICHMOND'",b'Yes',b'No',No,No,No,No,No,
HO426,"b'185 BURNLEY STREET, RICHMOND'",b'Yes',b'No',No,No,No,No,No,
HO427,"b'289, 291 AND 293 BURNLEYSTREET, RICHMOND'",b'Yes',b'No',No,No,No,No,No,
HO428,"b'331-333 BURNLEY STREET,RICHMONDGrand Hotel'",b'Yes',b'No',No,No,No,No,No,
HO429,"b'400-402 BURNLEY STREET,RICHMOND'",b'Yes',b'No',No,No,No,No,No,
HO430,"b'204, 206 AND 208 COPPIN STREET,RICHMOND'",b'Yes',b'No',No,No,No,No,No,
HO431,"b'1-11 DICKENS STREET, RICHMOND'",b'Yes',b'No',No,No,No,No,No,
HO432,"b'42 EDINBURGH STREET,RICHMOND'",b'Yes',b'No',No,No,No,No,No,
HO433,"b'19-21 FARMER STREET, RICHMOND'",b'Yes',b'No',No,No,No,No,No,
HO434,"b'75 FRASER STREET, RICHMOND'",b'Yes',b'No',No,No,No,No,No,
HO435,"b'160-166 LORD STREET, RICHMOND'",b'Yes',b'No',No,No,No,No,No,
HO436,"b'89 NEPTUNE STREET, RICHMOND'",b'Yes',b'No',No,No,No,No,No,
HO437,"b'6 PARK AVENUE, RICHMOND'",b'No',b'No',No,No,No,No,No,
HO438,"b'18 PARK AVENUE, RICHMOND\xe2\x80\x98Howrose\xe2\x80\x99'",b'Yes',b'No',No,No,No,No,No,
HO439,"b'22, 24 AND 26 PARK AVENUE,RICHMOND'",b'Yes',b'No',No,No,No,No,No,
HO440,"b'309 SWAN STREET, RICHMONDSwan Street Drill Hall'",b'Yes',b'No',No,No,No,No,No,
HO441,"b'319 SWAN STREET, RICHMOND'",b'Yes',b'No',No,No,No,No,No,
HO442,"b'413-415 SWAN STREET, RICHMOND'",b'Yes',b'No',No,No,No,No,No,
HO443,"b'196A, 198 and 200-220 BURNLEYSTREET, RICHMOND'",b'Yes',b'No',No,No,No,No,No,
HO444,"b'Victoria Street West Precinct (233-251VICTORIA STREET, ABBOTSFORD)'",b'Yes',b'No',No,No,No,No,No,
HO445,b'137-151 CREMORNE STREETCREMORNEWilford Terrace',b'Yes',b'No',No,No,No,No,No,
HO446,b'21-33 CUBITT STREET CREMORNETerrace',b'Yes',b'No',No,No,No,No,No,
HO447,b'58-60 CUBITT STREET CREMORNEHouses',b'Yes',b'No',No,No,No,No,No,
HO448,b'54-64 BAKER STREET RICHMONDSomerset Terrace',b'Yes',b'No',No,No,No,No,No,
HO449,b'70 BAKER STREET RICHMONDHouse and fence',b'Yes',b'No',No,No,No,No,No,
HO450,b'38-50 REGENT STREET & 35-49LITTLE HODDLE STREETRICHMONDHenry Walters\xe2\x80\x99 Boot Factories (Former)',b'No',b'No',No,No,No,No,No,
HO452,"b'HIGHETT, EGAN & MUIR STREETSAND JIKA PLACE RICHMONDWest Richmond Railway Stationcomplex'",b'Yes',b'No',No,No,No,No,No,
HO453,"b'Building Society Cottages Precinct,Richmond'",b'No',b'No',No,No,No,No,No,
HO454,"b'Church Street North Precinct,Richmond'",b'Yes',b'No',No,No,No,No,No,
HO456,"b'Gardner Street Precinct, Richmond'",b'No',b'No',No,No,No,No,No,
HO457,"b'Highett Street Precinct, Richmond'",b'No',b'No',No,No,No,No,No,
HO458,"b'Lincoln Street Precinct, Richmond'",b'No',b'No',No,No,No,No,No,
HO459,"b'Wells Street Precinct, Richmond'",b'No',b'No',No,No,No,No,No,
HO460,"b'Yarraberg Precinct, Richmond'",b'No',b'No',No,No,No,No,No,
HO461,"b'389-391 Highett Street, Richmond'",b'No',b'No',No,No,No,No,No,
HO462,"b'6-8 Brougham Place, Richmond'",b'No',b'No',No,No,No,No,No,
HO463,"b'9-11 CREMORNE STREET,CREMORNE'",b'Yes',b'No',No,No,No,No,No,
HO464,"b'Smith Street South Precinct, Fitzroyand Collingwood'",b'Yes',"b'Yes (51-53,59-61 and 67-Apply?'",No,No,No,No,No,
HO465,b'218-222 NICHOLSON STREETFITZROYFormer Avon Butter Factory',b'-',b'',-,-,,-, ,
HO466,b'8-12 SPRING STREET AND 14-16ARGYLE STREET FITZROYFormer cordial factory',b'-',b'',-,-,,-, ,
HO467,b'1 HOPETOUN PLACEFITZROY NORTHFormer Melbourne Tramways andOmnibus Company Stables',b'-',b'',-,-,,-, ,
HO468,b'111 QUEENS PARADEFITZROY NORTHPorter prefabricated iron store',b'-',b'',-,-,,-, ,
HO469,b'YAN YEAN WATER SUPPLYSYSTEMClonbinane To Fitzroy North',b'-',b'',-,-,,-, ,
HO470,"b'31 Leslie Street, Richmond'",b'No',b'',No,No,,No, ,
HO471,"b'Abinger Street Precinct, Richmond'","b'Yes (22-28,23 & 25Abinger Stand 37-45 &40-50Lyndhurst Stonly)'",b'',No,No,,No, ,
HO472,"b'Bell Street Precinct, Richmond'",b'Yes (15-21Bell St & 204-208 Coppin Stonly)',b'No',No,No,No,No,No,
HO474,"b'Burnley Street Precinct, Richmond'","b'Yes (377,380, 400-402Burnley Stand 413-415Swan St only)'",b'No',No,No,No,No,No,
HO476,"b'Edinburgh Street Precinct, Richmond'",b'Yes (42 & 58-60 EdinburghSt and 12Newry StOnly)',b'No',No,No,No,No,No,
HO477,"b'Hosie Street Precinct, Richmond'",b'No',b'No',No,No,No,No,No,
HO478,"b'Mitchell Street Precinct, Richmond'",b'No',b'No',No,No,No,No,No,
HO479,"b'Neptune Street Precinct, Richmond'",b'No',b'No',No,No,No,No,No,
HO481,"b'Stawell Street Precinct, Richmond'",b'No',b'No',No,No,No,No,No,
HO482,"b'84-86 ABINGER STREET,RICHMONDW. James & Co. Sack Merchants(former)'",b'No',b'No',No,No,No,No,No,
HO483,"b'254 BURNLEY STREET, RICHMONDHouse'",b'Yes',b'No',No,No,No,No,No,
HO484,"b'327-329 BURNLEY STREET,RICHMONDGreek Orthodox Church'",b'No',b'No',No,No,No,No,No,
HO485,"b'8 CORSAIR STREET, RICHMONDOpportunity Club for Girls (former)'",b'Yes',b'No',No,No,No,No,No,
HO486,"b'30 CORSAIR STREET, RICHMONDHouse'",b'No',b'No',No,No,No,No,No,
HO487,"b'8 DICKENS STREET, RICHMONDHouse'",b'No',b'No',No,No,No,No,No,
HO488,"b'32-36 FARMER STREET, RICHMONDTerrace'",b'Yes',b'No',No,No,No,No,No,
HO489,"b'85-91 LORD STREET, RICHMONDHouses'",b'Yes',b'No',No,No,No,No,No,
HO490,"b'72-80 STAWELL STREET,RICHMONDHouses'",b'Yes',b'No',No,No,No,No,No,
HO491,"b'69 & 89 TYPE STREET, RICHMONDFloyd Green & Co. Glassworks(former)'",b'No',b'No',No,No,No,No,No,
HO492,"b'33-39 WALL STREET, RICHMONDTerrace'",b'Yes',b'No',No,No,No,No,No,
HO495,"b'62-68 Appleton Street, Richmond'",b'No',b'No',No,No,No,No,No,
"HO498 472-484 NAPIER STREET, FITZROY",b'',b'No',b'No',No,No,No,No,No,
"HO501 223-239 SWAN STREET, RICHMOND",b'',b'No',b'No',No,No,No,No,No,
"HO503 2 JAMES STREET, ABBOTSFORD",b'',b'No',b'No',No,No,No,No,No,
HO505 JOHNSTON STREET EAST The,b'',b'Yes \xe2\x80\x93 219-23& 258-60Johnston Stonly',b'No',No,No,No,No,No,
"HO506 33-45 DERBY STREET,",b'',b'No',b'No',No,No,No,No,No,
"HO507 18-22 DERBY STREET,",b'',b'No',b'No',No,No,No,No,No,
"HO508 32-34 THOMAS STREET, RICHMOND",b'',b'No',b'No',No,No,No,No,No,
HO509,"b'200-206 CHURCH STREET,RICHMOND Incorporated plan: Incorporated Plan under the provisionsof clause 43.01 Heritage Overlay,Planning permit exemptions, July 2014'",b'No',b'No',No,No,No,No,No,
HO522,"b'273A SWAN STREET, RICHMONDShop And Residence Incorporated plan: Incorporated Plan under the provisionsof clause 43.01 Heritage Overlay,Planning permit exemptions, July 2014'",b'No',b'No',No,No,No,No,No,
HO523,"b'323-325 SWAN STREET, RICHMONDPair of Shops and Residences Incorporated plan: Incorporated Plan under the provisionsof clause 43.01 Heritage Overlay,Planning permit exemptions, July 2014'",b'No',b'No',No,No,No,No,No,
HO524,"b'Swan Street West Precinct Incorporated plan:Incorporated Plan under the provisionsof clause 43.01 Heritage Overlay,Planning permit exemptions, July 2014'",b'No',b'No',No,No,No,No,No,
